"Date","Samsung","Apple","Unknown","Nokia","Xiaomi","Huawei","LG","Oppo","Motorola","Sony","HTC","Lenovo","RIM","Micromax","Vivo","Realme","Mobicel","Asus","Google","General Mobile","BBK","OnePlus","ZTE","Tecno","Alcatel","Infinix","Lava","Gionee","Vodafone","Itel","Turkcell","Wiko","Coolpad","Casper","Lyf","Hisense","Vestel","Spice","AIS","Meizu","bq","QMobile","LeEco","Panasonic","True","Kyocera","Acer","Reliance Digital","Pantech","Honor","InFocus","Intex","Xolo","Nintendo","Smartfren","Blu","Archos","T-Mobile","HP","Infinex","i-Mobile","Condor","Avea","Karbonn","dtac","Sharp","Yu","Symphony","Lanix","Other"
2010-04,2.37,33.15,0,37.58,0,0,0.23,0,0.3,8.3,0.09,0,15.86,0,0,0,0,0,0.18,0,0,0,0,0,0,0,0,0,0,0,0,0,0,0,0,0,0,0,0,0,0,0,0,0,0,0,0,0,0,0,0,0,0,0.3,0,0,0,0.97,0,0,0,0,0,0,0,0,0,0,0,0.67
2010-05,3.27,33.09,0,37.37,0,0,0.08,0,0.12,7.96,0.03,0,16.16,0,0,0,0,0,0.17,0,0,0,0,0,0,0,0,0,0,0,0,0,0,0,0,0,0,0,0,0,0,0,0,0,0,0,0,0,0,0,0,0,0,0.29,0,0,0,0.79,0,0,0,0,0,0,0,0,0,0,0,0.66
2010-06,3.86,30.71,0,38.28,0,0,0.08,0,0.11,7.9,0.03,0,17.23,0,0,0,0,0,0.19,0,0,0,0,0,0,0,0,0,0,0,0,0,0,0,0,0,0,0,0,0,0,0,0,0,0,0,0,0,0,0,0,0,0,0.28,0,0,0,0.66,0,0,0,0,0,0,0,0,0,0,0,0.66
2010-07,3.83,30.09,0,36.78,0,0,0.21,0,0.29,7.9,0.07,0,19.04,0,0,0,0,0,0.21,0,0,0,0,0,0,0,0,0,0,0,0,0,0,0,0,0,0,0,0,0,0,0,0,0,0,0,0,0,0,0,0,0,0,0.28,0,0,0,0.58,0,0,0,0,0,0,0,0,0,0,0,0.71
2010-08,4.07,29.82,0,36.4,0,0,0.22,0,0.35,7.81,0.07,0,19.71,0,0,0,0,0,0.19,0,0,0,0,0,0,0,0,0,0,0,0,0,0,0,0,0,0,0,0,0,0,0,0,0,0,0,0,0,0,0,0,0,0,0.27,0,0,0,0.46,0,0,0,0,0,0,0,0,0,0,0,0.63
2010-09,4.53,26.72,0,38.06,0,0,0.18,0,0.4,7.84,0.06,0,20.99,0,0,0,0,0,0.17,0,0,0,0,0,0,0,0,0,0,0,0,0,0,0,0,0,0,0,0,0,0,0,0,0,0,0,0,0,0,0,0,0,0,0.17,0,0,0,0.35,0,0,0,0,0,0,0,0,0,0,0,0.51
2010-10,4.68,26.5,0,37.81,0,0,0.16,0,0.42,7.81,0.05,0,21.51,0,0,0,0,0,0.16,0,0,0,0,0,0,0,0,0,0,0,0,0,0,0,0,0,0,0,0,0,0,0,0,0,0,0,0,0,0,0,0,0,0,0.15,0,0,0,0.29,0,0,0,0,0,0,0,0,0,0,0,0.45
2010-11,5.59,25.72,0,36.54,0,0,0.15,0,1.37,7.04,0.04,0,22.6,0,0,0,0,0,0.15,0,0,0,0,0,0,0,0,0,0,0,0,0,0,0,0,0,0,0,0,0,0,0,0,0,0,0,0,0,0,0,0,0,0,0.15,0,0,0,0.24,0,0,0,0,0,0,0,0,0,0,0,0.4
2010-12,6.6,28.04,0,34.4,0,0,0.15,0,1.76,6.6,0.04,0,21.48,0,0,0,0,0,0.15,0,0,0,0,0,0,0,0,0,0,0,0,0,0,0,0,0,0,0,0,0,0,0,0,0,0,0,0,0,0,0,0,0,0,0.18,0,0,0,0.21,0,0,0,0,0,0,0,0,0,0,0,0.39
2011-01,7.06,30.2,0,35.58,0,0,0.17,0,1.62,6.26,0.09,0,18.15,0,0,0,0,0,0.14,0,0,0,0,0,0,0,0,0,0,0,0,0,0,0,0,0,0,0,0,0,0,0,0,0,0,0,0,0,0,0,0,0,0,0.2,0,0,0,0.17,0,0,0,0,0,0,0,0,0,0,0,0.35
2011-02,7.36,29.83,0,36.36,0,0,0.18,0,1.52,6.23,0.15,0,17.64,0,0,0,0,0,0.13,0,0,0,0,0,0,0,0,0,0,0,0,0,0,0,0,0,0,0,0,0,0,0,0,0,0,0,0,0,0,0,0,0,0,0.16,0,0,0,0.14,0,0,0,0,0,0,0,0,0,0,0,0.3
2011-03,7.88,29.76,0,36.51,0,0,0.17,0,1.47,6.16,0.17,0,17.22,0,0,0,0,0,0.13,0,0,0,0,0,0,0,0,0,0,0,0,0,0,0,0,0,0,0,0,0,0,0,0,0,0,0,0,0,0,0,0,0,0,0.17,0,0,0,0.11,0,0,0,0,0,0,0,0,0,0,0,0.26
2011-04,8.56,28.6,0,37.88,0,0,0.17,0,1.31,6.1,0.18,0,16.6,0,0,0,0,0,0.11,0,0,0,0,0,0,0,0,0,0,0,0,0,0,0,0,0,0,0,0,0,0,0,0,0,0,0,0,0,0,0,0,0,0,0.16,0,0,0,0.1,0,0,0,0,0,0,0,0,0,0,0,0.22
2011-05,9.65,27.63,0,38.39,0,0,0.16,0,1.04,5.99,0.18,0,16.2,0,0,0,0,0,0.1,0,0,0,0,0,0,0,0,0,0,0,0,0,0,0,0,0,0,0,0,0,0,0,0,0,0,0,0,0,0,0,0,0,0,0.14,0,0,0,0.33,0,0,0,0,0,0,0,0,0,0,0,0.19
2011-06,10.77,25.11,0,41.34,0,0,0.16,0,0.92,5.64,0.17,0,15.23,0,0,0,0,0,0.1,0,0,0,0,0,0,0,0,0,0,0,0,0,0,0,0,0,0,0,0,0,0,0,0,0,0,0,0,0,0,0,0,0,0,0.13,0,0,0,0.29,0,0,0,0,0,0,0,0,0,0,0,0.15
2011-07,11.49,25.22,0,40.23,0,0,0.16,0,0.84,5.49,0.18,0,15.72,0,0,0,0,0,0.17,0,0,0,0,0,0,0,0,0,0,0,0,0,0,0,0,0,0,0,0,0,0,0,0,0,0,0,0,0,0,0,0,0,0,0.12,0,0,0,0.26,0,0,0,0,0,0,0,0,0,0,0,0.14
2011-08,12.84,24.65,0,40.18,0,0,0.15,0,0.81,5.37,0.19,0,15.05,0,0,0,0,0,0.33,0,0,0,0,0,0,0,0,0,0,0,0,0,0,0,0,0,0,0,0,0,0,0,0,0,0,0,0,0,0,0,0,0,0,0.12,0,0,0,0.19,0,0,0,0,0,0,0,0,0,0,0,0.12
2011-09,12.73,27.06,0,40.04,0,0,0.15,0,0.69,4.69,0.3,0,13.7,0,0,0,0,0,0.33,0,0,0,0,0,0,0,0,0,0,0,0,0,0,0,0,0,0,0,0,0,0,0,0,0,0,0,0,0,0,0,0,0,0,0.11,0,0,0,0.07,0,0,0,0,0,0,0,0,0,0,0,0.12
2011-10,12.64,28.78,0,36.08,0,0,1.62,0,0.62,4.32,3.57,0,11.64,0,0,0,0,0,0.31,0,0,0,0,0,0,0,0,0,0,0,0,0,0,0,0,0,0,0,0,0,0,0,0,0,0,0,0.01,0,0,0,0,0,0,0.13,0,0,0,0.16,0,0,0,0,0,0,0,0,0,0,0,0.11
2011-11,13.1,29.07,0,36.74,0,0,1.79,0,0.76,4.05,3.75,0,10.15,0,0,0,0,0,0.28,0,0,0,0,0,0,0,0,0,0,0,0,0,0,0,0,0,0,0,0,0,0,0,0,0,0,0,0,0,0,0,0,0,0,0.12,0,0,0,0.1,0,0,0,0,0,0,0,0,0,0,0,0.1
2011-12,13.63,27.06,0,39.43,0,0,1.72,0,0.74,4.11,3.43,0,9.29,0,0,0,0,0,0.26,0,0,0,0,0,0,0,0,0,0,0,0,0,0,0,0,0,0,0,0,0,0,0,0,0,0,0,0,0,0,0,0,0,0,0.18,0,0,0,0.08,0,0,0,0,0,0,0,0,0,0,0,0.08
2012-01,14.84,28.67,0,37.67,0,0,1.83,0,0.69,3.92,3.45,0,8.3,0,0,0,0,0,0.26,0,0,0,0,0,0,0,0,0,0,0,0,0,0,0,0,0,0,0,0,0,0,0,0,0,0,0,0,0,0,0,0,0,0,0.24,0,0,0,0.07,0,0,0,0,0,0,0,0,0,0,0,0.06
2012-02,14.91,30.58,0,35.96,0,0,1.95,0,0.67,3.72,3.5,0,8.14,0,0,0,0,0,0.26,0,0,0,0,0,0,0,0,0,0,0,0,0,0,0,0,0,0,0,0,0,0,0,0,0,0,0,0,0,0,0,0,0,0,0.19,0,0,0,0.06,0,0,0,0,0,0,0,0,0,0,0,0.06
2012-03,14.02,24.87,13.23,32.51,0,0.06,1.53,0,0.52,3.29,2.78,0,6.7,0,0,0,0,0,0.22,0,0,0,0,0,0,0,0,0,0,0,0,0,0,0,0,0,0,0,0,0,0,0,0,0,0,0,0,0,0,0,0,0,0,0.19,0,0,0,0.04,0,0,0,0,0,0,0,0,0,0,0,0.04
2012-04,14.03,21.47,20.33,29.25,0,0.36,1.41,0,0.91,2.92,2.99,0,5.63,0,0,0,0,0,0.33,0,0,0,0.05,0,0.01,0,0,0,0,0,0,0,0,0,0,0,0,0,0,0,0,0,0,0,0,0,0,0,0.03,0,0,0,0,0.18,0,0,0,0.03,0,0,0,0,0,0,0,0,0,0,0,0.05
2012-05,17.13,22.04,12.37,30.35,0,0.49,1.9,0,1.81,3.01,4.18,0,5.47,0,0,0,0,0,0.35,0,0,0,0.29,0,0.04,0,0,0,0.02,0,0,0,0,0,0,0,0,0,0,0,0,0,0,0,0,0.03,0,0,0.15,0,0,0,0,0.19,0,0,0,0.03,0,0,0,0,0,0,0,0.01,0,0,0,0.12
2012-06,17.92,24.56,8.21,30.65,0.01,0.57,2,0,1.93,3.06,4.34,0.01,5.3,0.03,0,0,0,0,0.4,0,0,0,0.34,0,0.05,0,0,0,0.02,0,0,0,0,0,0,0,0,0,0,0,0,0,0,0,0,0.05,0,0,0.18,0,0,0,0,0.19,0,0,0,0.03,0,0,0,0,0,0,0,0.02,0,0,0,0.14
2012-07,19.46,25.43,7.69,28.05,0.02,0.62,2.21,0,2.02,3.11,4.41,0.02,5,0.43,0,0,0,0,0.41,0,0,0,0.38,0,0.07,0,0,0,0.02,0,0,0,0,0,0,0,0,0,0,0,0,0,0,0,0,0.04,0,0,0.19,0,0,0,0,0.23,0,0,0,0.03,0,0,0,0,0,0,0,0.02,0,0,0,0.14
2012-08,20.64,24.49,7.83,27.69,0.02,0.68,2.18,0,2,3.16,4.38,0.03,4.69,0.55,0,0,0,0,0.43,0,0,0,0.41,0,0.08,0,0,0,0.02,0,0,0,0,0,0,0,0,0,0,0,0,0,0,0,0,0.04,0.1,0,0.18,0,0,0,0,0.23,0,0,0,0.02,0,0,0,0,0,0,0,0.02,0,0,0,0.13
2012-09,21.47,23.64,8.09,27.52,0.02,0.69,2.19,0,2.07,3.15,4.26,0.04,4.6,0.58,0,0,0,0,0.43,0,0,0,0.42,0,0.1,0,0,0,0.03,0,0,0,0,0,0,0,0,0,0,0,0,0,0,0,0,0.05,0.1,0,0.17,0,0,0,0,0.2,0,0,0,0.02,0,0,0,0,0,0,0,0.02,0,0,0,0.12
2012-10,21.79,23.73,8.79,26.93,0.02,0.7,2.25,0,1.99,3.08,4.05,0.04,4.36,0.6,0,0,0,0,0.43,0,0,0,0.42,0,0.1,0,0,0,0.04,0,0,0,0,0,0,0,0,0,0,0,0,0,0,0,0,0.05,0.1,0,0.19,0,0,0,0,0.18,0,0,0,0.02,0,0,0,0,0,0,0,0.02,0,0,0,0.11
2012-11,21.91,23.81,9.71,26.31,0.02,0.73,2.37,0,1.9,3.02,3.87,0.04,4,0.61,0,0,0,0,0.43,0,0,0,0.41,0,0.11,0,0,0,0.04,0,0,0,0,0,0,0,0,0,0,0,0,0,0,0,0,0.07,0.1,0,0.21,0,0,0,0,0.19,0,0,0,0.02,0,0,0,0,0,0,0,0.01,0,0,0,0.11
2012-12,22.94,23.27,10.13,25.97,0.03,0.74,2.5,0,1.79,2.87,3.61,0.05,3.61,0.64,0,0,0,0,0.43,0,0,0,0.41,0,0.12,0,0,0,0.05,0,0.07,0,0,0,0,0,0,0,0,0,0,0,0,0,0,0.08,0.11,0,0.31,0,0,0,0,0.18,0,0,0,0.02,0,0,0,0,0,0,0,0.01,0,0,0,0.1
2013-01,22.69,25.86,10.95,22.15,0.05,0.85,2.79,0,1.81,2.78,3.69,0.14,3.48,0.57,0,0,0,0,0.46,0,0,0,0.48,0,0.13,0,0,0,0.05,0,0.09,0,0,0,0,0,0,0,0,0,0,0,0,0,0,0.1,0.13,0,0.43,0,0,0,0,0.19,0,0,0.01,0.02,0,0,0,0,0,0,0,0.01,0,0,0,0.1
2013-02,23.04,27.22,10.7,21.28,0.03,0.78,2.84,0,1.75,2.77,3.45,0.06,3.42,0.6,0,0,0,0,0.44,0,0,0,0.42,0,0.14,0,0,0,0.05,0,0.09,0,0,0,0,0,0,0,0,0,0,0,0,0,0,0.1,0.13,0,0.37,0,0,0,0,0.19,0,0,0.01,0.01,0,0,0,0,0,0,0,0.02,0,0,0,0.1
2013-03,24.32,27.16,9.63,21.15,0.04,0.8,2.7,0,1.81,2.86,3.37,0.07,3.39,0.63,0,0,0,0,0.5,0,0,0,0.45,0,0.15,0,0,0,0.05,0,0.08,0,0,0,0,0.02,0,0,0,0,0,0,0,0,0,0.11,0.09,0,0.27,0,0,0,0,0.21,0,0,0.01,0.01,0,0,0,0,0,0,0,0.01,0,0,0,0.1
2013-04,25,26.48,10.06,20.91,0.04,0.78,2.76,0,1.71,2.82,3.19,0.08,3.4,0.7,0,0,0,0,0.51,0,0,0,0.44,0,0.16,0,0,0,0.05,0,0.11,0,0.01,0,0,0.03,0,0,0,0,0,0,0,0,0,0.11,0.07,0,0.27,0,0,0,0,0.2,0,0,0.01,0.01,0,0,0,0,0,0,0,0.01,0,0,0,0.09
2013-05,25.39,25.87,10.05,21.17,0.04,0.77,2.77,0,1.58,2.75,3.03,0.1,3.63,0.83,0,0,0,0,0.51,0,0,0,0.43,0,0.18,0,0,0,0.05,0,0.1,0,0.01,0,0,0.04,0,0,0,0,0,0,0,0,0,0.1,0.07,0,0.27,0,0,0,0,0.14,0,0,0.01,0.01,0,0,0,0,0,0,0,0.01,0,0,0,0.08
2013-06,25.47,25.09,10.33,21.96,0.04,0.78,2.59,0,1.45,2.65,2.93,0.13,3.62,0.99,0,0,0,0,0.49,0,0,0,0.42,0,0.21,0,0,0,0.05,0,0.09,0,0.02,0,0,0.04,0,0,0,0,0,0,0,0,0,0.11,0.06,0,0.21,0,0,0,0,0.14,0,0,0.01,0.01,0,0,0,0,0,0,0,0.01,0,0,0,0.07
2013-07,25.19,24.74,11.09,21.75,0.03,0.79,2.74,0,1.4,2.45,2.85,0.14,3.67,1.14,0,0,0,0,0.5,0,0,0,0.42,0,0.24,0,0,0,0.05,0,0.07,0,0.02,0,0,0.04,0,0,0,0,0,0,0,0,0,0.11,0.07,0,0.26,0,0,0,0,0.13,0,0,0.01,0.01,0,0,0,0,0,0,0,0.01,0,0,0,0.08
2013-08,25.69,23.39,12.1,21.66,0.04,0.81,2.78,0,1.22,2.34,2.73,0.2,3.75,1.3,0,0,0,0,0.49,0,0,0,0.42,0,0.25,0,0,0,0.05,0,0.07,0,0.02,0,0,0.05,0,0,0,0,0,0,0,0,0,0.1,0.07,0,0.25,0,0,0,0,0.09,0,0,0.01,0.01,0,0,0,0,0,0,0,0.01,0,0,0,0.08
2013-09,26.16,22.68,12.89,21.61,0.03,0.79,2.78,0,1.11,2.21,2.6,0.21,3.75,1.34,0,0,0,0,0.46,0,0,0,0.37,0,0.25,0,0,0,0.06,0,0.07,0,0.02,0,0,0.04,0,0,0,0,0,0,0,0,0,0.09,0.07,0,0.24,0,0,0,0,0.07,0,0,0.01,0.01,0,0,0,0,0,0,0,0.01,0,0,0,0.07
2013-10,25.54,20.5,15.22,22.31,0.03,0.82,2.84,0,0.98,2.15,2.39,0.28,3.81,1.34,0,0,0,0,0.42,0,0,0,0.36,0,0.31,0,0,0,0.07,0,0.07,0,0.01,0,0,0.04,0,0,0,0,0,0,0,0,0,0.09,0.06,0,0.21,0,0,0,0,0.05,0,0,0.01,0.01,0,0,0,0,0,0,0,0.01,0,0,0,0.06
2013-11,27.11,21.9,12.87,21.01,0.05,0.85,2.84,0,1.01,2.05,2.41,0.27,3.91,1.6,0,0,0,0,0.43,0,0,0,0.38,0,0.33,0,0,0,0.08,0,0.08,0,0.01,0,0,0.04,0,0.23,0,0.01,0,0,0,0,0,0.09,0.07,0,0.17,0,0,0,0,0.05,0,0,0.01,0.01,0.02,0,0,0,0,0,0,0.01,0,0,0,0.06
2013-12,27.48,21.79,13.62,20.18,0.06,0.9,2.81,0,0.95,1.88,2.33,0.33,3.71,1.79,0,0,0,0,0.41,0,0,0,0.39,0,0.35,0,0,0,0.08,0,0.09,0,0.02,0,0,0.04,0,0.3,0,0.01,0,0,0,0,0,0.1,0.07,0,0.15,0,0,0,0,0.04,0,0,0.01,0.01,0.04,0,0,0,0,0,0,0.01,0,0,0,0.05
2014-01,27.85,23.52,13.56,18.42,0.07,0.95,2.99,0,0.89,1.97,2.28,0.36,3.12,1.78,0,0,0,0,0.44,0.01,0,0,0.39,0,0.36,0,0,0,0.08,0,0.09,0,0.02,0,0,0.03,0,0.32,0,0.01,0,0,0,0,0,0.1,0.07,0,0.16,0,0,0,0,0.04,0,0,0.02,0.01,0.05,0,0,0,0,0,0,0.01,0,0,0,0.05
2014-02,30.4,22.94,11.43,17.27,0.08,0.98,3.07,0.02,1.1,2.65,2.25,0.4,2.7,1.81,0,0,0,0,0.53,0.52,0,0,0.39,0,0.4,0,0,0,0.11,0,0.11,0,0.03,0,0,0.02,0,0.3,0,0.01,0,0,0,0,0,0.09,0.07,0,0.14,0,0,0,0,0.03,0,0,0.02,0.01,0.05,0,0,0,0.01,0,0,0.01,0,0,0,0.05
2014-03,30.57,23.57,10.85,16.37,0.06,1.03,3.14,0.04,1.39,2.93,2.2,0.44,2.58,1.89,0,0,0,0,0.56,0.49,0,0,0.4,0,0.46,0,0,0,0.1,0,0.1,0,0.02,0,0,0.04,0,0.3,0,0.01,0,0,0,0,0,0.09,0.07,0,0.12,0,0,0,0,0.03,0,0,0.02,0.01,0.04,0,0,0,0.01,0,0,0,0,0,0,0.06
2014-04,31.59,23.21,10.51,15.61,0.08,1.1,3.16,0.05,1.44,3.11,2.25,0.49,2.23,1.88,0,0,0,0,0.59,0.65,0,0,0.44,0,0.49,0,0,0,0.11,0,0.12,0.01,0.03,0,0,0.04,0,0.3,0,0.01,0,0,0,0,0,0.08,0.08,0,0.1,0,0,0,0,0.03,0,0,0.02,0.01,0.05,0,0,0,0.02,0,0,0,0,0,0,0.09
2014-05,32.79,23.21,10.3,14.44,0.08,1.17,3.38,0.05,1.76,3.18,2.19,0.51,1.96,1.84,0,0,0,0,0.61,0.56,0.01,0,0.42,0,0.49,0,0,0,0.12,0,0.1,0.01,0.03,0,0,0.04,0,0.29,0,0.01,0,0,0,0,0,0.08,0.09,0,0.09,0,0,0,0,0.03,0,0,0.03,0,0.05,0,0,0,0.02,0,0,0,0,0,0,0.09
2014-06,32.6,24.25,10.31,13.34,0.08,1.28,3.36,0.06,1.63,3.19,2.26,0.56,1.94,1.92,0,0,0,0,0.62,0.57,0.01,0,0.43,0,0.52,0,0,0,0.11,0,0.09,0.01,0.04,0,0,0.05,0,0.28,0,0.01,0,0,0,0,0,0.08,0.1,0,0.08,0,0,0,0,0.03,0,0,0.03,0,0.05,0,0,0,0.02,0,0,0,0,0,0,0.1
2014-07,32.55,24.87,10.04,12.64,0.14,1.29,3.4,0.07,1.76,3.47,2.27,0.55,1.73,1.96,0,0,0,0.03,0.67,0.48,0.01,0,0.38,0,0.54,0,0.05,0,0.11,0,0.07,0.06,0.04,0,0,0.04,0,0.27,0,0.01,0.02,0,0,0,0,0.07,0.1,0,0.07,0,0,0,0,0.03,0,0,0.03,0,0.06,0,0,0,0.02,0,0,0.01,0,0,0,0.11
2014-08,32.77,23.55,10.33,12.54,0.19,1.3,3.49,0.11,1.88,3.47,2.31,0.62,1.66,2.16,0,0,0,0.11,0.64,0.61,0.01,0,0.41,0,0.54,0,0.06,0,0.11,0,0.11,0.05,0.05,0,0,0.07,0,0.31,0,0.01,0.03,0,0,0,0,0.09,0.09,0,0.07,0,0,0,0,0.02,0,0,0.03,0.01,0.06,0,0,0,0.03,0,0,0.01,0,0,0,0.12
2014-09,33.13,24.72,9.13,11.97,0.22,1.33,3.55,0.14,2.01,3.42,2.3,0.64,1.64,2.13,0,0,0,0.14,0.64,0.63,0.01,0.01,0.41,0,0.52,0,0.06,0,0.12,0,0.14,0.04,0.05,0,0,0.07,0,0.3,0,0.01,0.03,0,0,0,0,0.09,0.09,0,0.06,0,0,0,0,0.02,0,0,0.03,0.01,0.06,0,0,0,0.03,0,0,0.01,0,0,0,0.1
2014-10,33.68,25.96,8.47,10.3,0.28,1.44,3.8,0.13,2.29,3.62,2.26,0.61,1.34,1.91,0,0,0,0.16,0.63,0.69,0.02,0.02,0.46,0,0.57,0,0.06,0,0.14,0,0.18,0.07,0.04,0.01,0,0.06,0,0.25,0,0.02,0.06,0,0,0,0,0.08,0.09,0,0.05,0,0,0,0,0.02,0,0,0.05,0,0.07,0,0,0,0.03,0,0,0,0,0,0,0.1
2014-11,33.86,23.02,9.33,10.55,0.36,1.44,4.11,0.18,2.85,3.69,2.22,0.69,1.36,2.15,0,0,0,0.22,0.59,0.79,0.03,0.03,0.47,0,0.54,0,0.07,0,0.14,0,0.2,0.06,0.05,0.03,0,0.08,0,0.28,0,0.02,0.07,0,0,0,0,0.09,0.09,0,0.05,0,0,0,0,0.02,0,0,0.04,0,0.07,0,0,0,0.03,0,0,0.01,0,0,0,0.11
2014-12,33,23.51,9.37,10.9,0.43,1.46,4.01,0.22,2.58,3.64,2.3,0.77,1.38,2.15,0,0,0,0.3,0.58,0.65,0.04,0.04,0.49,0,0.6,0,0.1,0,0.13,0,0.15,0.07,0.06,0.04,0,0.1,0,0.28,0,0.02,0.07,0,0,0,0,0.11,0.08,0,0.04,0,0.01,0,0,0.02,0,0,0.04,0,0.06,0,0,0,0.02,0,0,0.02,0,0,0,0.13
2015-01,32.21,22.75,9.69,11.24,0.52,1.57,4.01,0.27,2.28,3.6,2.37,0.93,1.36,2.3,0,0,0,0.43,0.59,0.88,0.05,0.06,0.52,0,0.66,0,0.13,0,0.13,0,0.2,0.06,0.07,0.06,0,0.11,0.01,0.28,0,0.03,0.06,0,0,0,0,0.1,0.08,0,0.05,0,0.02,0,0,0.02,0,0,0.04,0,0.07,0,0,0,0.03,0,0,0.02,0,0,0,0.15
2015-02,32,23.17,9.61,10.25,0.6,1.65,4.19,0.31,2.29,3.62,2.42,1,1.25,2.23,0,0,0,0.53,0.57,1.05,0.05,0.07,0.58,0,0.71,0,0.12,0,0.14,0,0.24,0.06,0.08,0.08,0,0.11,0.02,0.25,0.02,0.04,0.06,0,0,0,0,0.1,0.07,0,0.05,0,0.03,0,0,0.02,0,0,0.04,0,0.07,0,0,0,0.04,0,0,0.02,0,0,0,0.16
2015-03,32.09,22.64,10.06,9.68,0.63,1.69,4.18,0.35,2.3,3.62,2.41,1.06,1.25,2.44,0,0,0,0.6,0.58,1.1,0.06,0.08,0.58,0,0.71,0,0.13,0,0.13,0,0.24,0.07,0.09,0.1,0,0.12,0.03,0.24,0.05,0.05,0.08,0,0,0,0,0.1,0.07,0,0.04,0,0.02,0,0,0.02,0,0,0.04,0,0.07,0,0,0,0.05,0,0,0.02,0,0,0,0.15
2015-04,32.26,20.78,10.85,9.86,0.63,1.78,4.21,0.4,2.32,3.69,2.41,1.14,1.27,2.49,0,0,0,0.67,0.65,1.19,0.07,0.09,0.59,0,0.7,0,0.13,0,0.14,0,0.25,0.07,0.09,0.11,0,0.13,0.04,0.24,0.07,0.05,0.08,0,0,0,0,0.09,0.07,0,0.04,0,0.02,0,0,0.01,0,0,0.04,0,0.06,0,0,0,0.05,0,0,0.02,0,0,0,0.13
2015-05,32.2,20.22,11.29,9.76,0.72,1.83,4.18,0.46,2.29,3.65,2.35,1.2,1.19,2.56,0,0,0,0.7,0.7,1.2,0.09,0.09,0.6,0,0.67,0,0.13,0.01,0.13,0,0.25,0.07,0.11,0.12,0,0.13,0.06,0.23,0.09,0.06,0.09,0,0,0,0,0.09,0.07,0,0.03,0,0.03,0,0,0.01,0,0,0.04,0,0.06,0,0,0,0.05,0,0,0.02,0,0,0.01,0.15
2015-06,31.57,20.22,12.2,9.58,0.79,1.88,4.14,0.47,2.25,3.49,2.28,1.3,1.32,2.69,0,0,0,0.7,0.63,1.14,0.09,0.09,0.58,0,0.64,0,0.12,0.01,0.13,0,0.24,0.07,0.11,0.12,0,0.14,0.06,0.23,0.08,0.07,0.07,0,0,0,0,0.09,0.07,0,0.03,0,0.03,0,0,0.01,0,0,0.03,0,0.06,0,0,0,0.05,0,0,0.02,0,0,0.01,0.13
2015-07,31.4,20.41,12.33,9.13,0.8,1.94,4.21,0.47,2.13,3.36,2.27,1.41,1.25,2.55,0,0,0,0.71,0.87,1.37,0.12,0.09,0.58,0,0.62,0,0.1,0.01,0.13,0,0.28,0.07,0.13,0.15,0,0.14,0.08,0.21,0.07,0.07,0.06,0,0,0,0,0.08,0.06,0,0.03,0,0.03,0,0,0.01,0,0,0.03,0,0.05,0,0,0,0.06,0,0,0.02,0,0,0.01,0.12
2015-08,31.73,19.03,13.3,8.61,0.92,2.14,4.1,0.55,2.08,3.26,2.19,1.53,1.42,2.6,0,0,0,0.8,0.79,1.44,0.17,0.08,0.57,0,0.58,0,0.1,0.01,0.15,0,0.29,0.06,0.15,0.16,0,0.17,0.09,0.2,0.09,0.1,0.07,0,0,0,0,0.07,0.06,0,0.03,0,0.02,0,0,0.01,0,0,0.03,0,0.05,0,0,0,0.06,0,0,0.02,0,0,0.01,0.12
2015-09,32.52,18.14,13.56,8.32,0.78,2.16,4.15,0.54,2.11,3.24,2.19,1.62,1.32,2.64,0,0,0,0.87,0.83,1.49,0.16,0.08,0.56,0,0.57,0,0.09,0.02,0.16,0,0.28,0.06,0.11,0.17,0,0.2,0.09,0.19,0.13,0.09,0.07,0,0,0,0,0.07,0.06,0,0.02,0,0.02,0,0,0.01,0,0,0.03,0,0.05,0,0,0,0.06,0,0,0.01,0,0,0.01,0.1
2015-10,32.64,17.7,13.64,8.36,0.74,2.21,4.26,0.5,2.12,3.25,2.23,1.67,1.16,2.62,0,0,0,0.88,0.91,1.65,0.15,0.08,0.56,0,0.54,0,0.09,0.03,0.17,0,0.29,0.07,0.11,0.18,0,0.18,0.1,0.19,0.13,0.08,0.08,0,0,0,0,0.06,0.06,0,0.02,0,0.02,0,0,0.01,0,0,0.03,0,0.05,0,0,0,0.07,0,0,0.01,0,0,0.01,0.1
2015-11,31.76,19.3,13.58,8.13,0.7,2.27,4.36,0.45,2.2,3.23,2.22,1.73,1.06,2.49,0,0,0,0.85,0.95,1.45,0.13,0.09,0.53,0,0.53,0,0.07,0.04,0.15,0,0.26,0.07,0.09,0.16,0,0.15,0.09,0.18,0.11,0.08,0.09,0,0,0,0,0.06,0.06,0,0.02,0,0.02,0,0,0.01,0,0,0.04,0,0.05,0,0,0,0.06,0,0,0.01,0,0,0.02,0.1
2015-12,30.92,19.21,14.91,7.94,0.73,2.41,4.19,0.48,2.08,3.14,2.22,1.93,1.15,2.62,0,0,0,0.86,0.85,1.23,0.15,0.09,0.51,0,0.5,0,0.07,0.04,0.14,0,0.21,0.07,0.09,0.13,0,0.17,0.08,0.17,0.1,0.09,0.1,0,0,0,0,0.06,0.06,0,0.02,0,0.02,0,0,0.01,0,0,0.04,0,0.04,0,0,0,0.05,0,0,0.01,0,0,0.02,0.1
2016-01,30.56,19.58,15.58,7.43,0.75,2.59,4.28,0.47,2.18,3.07,2.17,2,1.04,2.57,0,0,0,0.85,0.71,1.16,0.15,0.09,0.48,0,0.47,0,0.07,0.05,0.14,0,0.2,0.07,0.09,0.13,0,0.16,0.07,0.16,0.09,0.09,0.11,0,0,0,0,0.05,0.06,0,0.02,0,0.02,0,0,0.01,0,0,0.04,0,0.05,0,0,0,0.05,0,0,0.01,0,0,0.02,0.1
2016-02,30.63,19.47,15.96,7.26,0.82,2.73,4.1,0.48,2.09,3.01,2.18,2.15,1.05,2.63,0,0,0,0.88,0.57,1.05,0.16,0.09,0.46,0,0.45,0,0.06,0.05,0.16,0,0.19,0.07,0.09,0.12,0,0.16,0.07,0.16,0.08,0.09,0.1,0,0,0,0,0.05,0.05,0,0.02,0,0.02,0,0,0.01,0,0,0.04,0,0.04,0,0,0,0.04,0,0,0.01,0,0,0.01,0.1
2016-03,32.65,18.82,14.27,6.66,1.01,2.94,4.1,0.58,2.05,3.13,2.11,2.17,0.98,2.46,0,0,0,1.14,0.54,1.13,0.17,0.12,0.47,0,0.46,0,0.06,0.06,0.26,0,0.25,0.09,0.1,0.16,0,0.15,0.08,0.15,0.08,0.1,0.11,0,0,0,0,0.04,0.05,0,0.01,0,0.02,0,0,0.01,0,0,0.04,0,0.04,0,0,0,0.04,0,0,0.01,0,0,0.01,0.11
2016-04,32.34,18.8,14.73,6.47,1.06,3.12,4.1,0.57,2.09,3.07,2.07,2.25,1.02,2.35,0,0,0,1.15,0.55,1.01,0.19,0.13,0.48,0,0.45,0,0.05,0.07,0.26,0,0.23,0.1,0.11,0.14,0,0.14,0.07,0.14,0.06,0.12,0.12,0,0,0,0,0.04,0.05,0,0.01,0,0.02,0,0,0.01,0,0,0.04,0,0.04,0,0,0,0.04,0,0,0.01,0,0,0.01,0.12
2016-05,32.17,18.63,15.49,6.23,1.05,3.25,3.98,0.54,2.13,2.98,2.01,2.34,0.99,2.46,0,0,0,1.13,0.62,0.89,0.18,0.13,0.46,0,0.43,0,0.05,0.07,0.25,0,0.21,0.1,0.1,0.13,0,0.14,0.06,0.14,0.06,0.11,0.12,0,0,0,0,0.03,0.05,0,0.01,0,0.01,0,0,0,0,0,0.04,0,0.04,0,0,0,0.04,0,0,0.01,0,0,0.01,0.11
2016-06,32.49,20.33,14.5,5.42,0.99,3.56,4.3,0.48,2.11,2.95,2.03,2.18,0.88,2.01,0,0,0,1.03,0.73,0.91,0.19,0.14,0.48,0,0.44,0,0.04,0.06,0.25,0,0.21,0.11,0.1,0.14,0,0.09,0.07,0.12,0.07,0.12,0.11,0,0,0,0,0.03,0.05,0,0.01,0,0.01,0,0,0.01,0,0,0.04,0,0.03,0,0,0,0.03,0,0,0.01,0,0,0.01,0.12
2016-07,32.19,19.89,15.36,5.36,1.02,3.74,4.23,0.47,2.2,2.77,2,2.24,0.8,1.96,0,0,0,0.99,0.88,0.87,0.21,0.14,0.48,0,0.42,0,0.03,0.07,0.24,0,0.2,0.11,0.11,0.13,0,0.07,0.07,0.11,0.06,0.13,0.11,0,0,0,0,0.03,0.05,0,0.01,0,0.01,0,0,0.01,0,0,0.04,0,0.03,0,0,0,0.03,0,0,0.01,0,0,0.01,0.12
2016-08,32.17,20.07,15.96,5.09,0.94,3.87,4.32,0.41,2.23,2.66,1.98,2.24,0.68,1.95,0,0,0,0.95,0.68,0.9,0.18,0.13,0.47,0,0.4,0,0.03,0.07,0.22,0,0.2,0.11,0.1,0.13,0,0.06,0.07,0.1,0.07,0.12,0.12,0,0,0,0,0.03,0.05,0,0.01,0,0.01,0,0,0.01,0,0,0.04,0,0.03,0,0,0,0.03,0,0,0.01,0,0,0.01,0.11
2016-09,32.33,19.38,17.1,4.78,0.92,3.83,4.18,0.38,2.26,2.56,1.99,2.47,0.64,2.14,0,0,0,0.96,0.38,0.9,0.15,0.13,0.46,0,0.37,0,0.04,0.1,0.21,0,0.2,0.11,0.08,0.13,0,0.05,0.07,0.11,0.08,0.11,0.11,0,0,0,0,0.03,0.04,0,0.01,0,0.01,0,0,0,0,0,0.04,0,0.03,0,0,0,0.03,0,0,0,0,0,0.01,0.1
2016-10,32.7,19.12,16.06,4.38,1.35,3.69,4.04,0.72,2.36,2.39,1.91,2.82,0.6,2.1,0,0,0,1.04,0.37,0.94,0.3,0.15,0.49,0,0.35,0.01,0.03,0.15,0.22,0,0.21,0.13,0.13,0.16,0.05,0.04,0.1,0.1,0.09,0.1,0.11,0,0.08,0,0,0.02,0.04,0.11,0.01,0,0.01,0,0,0,0,0,0.04,0,0.03,0,0,0,0.03,0,0.01,0.02,0,0,0.01,0.09
2016-11,34.09,18.85,11.81,3.84,1.87,3.63,4.06,1.36,2.28,2.37,1.79,2.82,0.56,1.97,0,0,0,1.14,0.39,1.04,0.91,0.17,0.58,0.02,0.44,0.07,0.19,0.3,0.38,0,0.25,0.22,0.23,0.2,0.31,0.03,0.16,0.09,0.24,0.1,0.12,0.02,0.18,0.07,0.08,0.04,0.06,0.24,0.01,0,0.02,0,0,0,0.02,0.02,0.03,0,0.02,0,0.05,0,0.03,0,0.03,0.01,0.05,0,0.01,0.12
2016-12,33.63,18.89,10.31,3.57,2.11,3.68,3.89,1.63,2.19,2.39,1.74,2.91,0.46,2.03,0,0,0,1.17,0.39,0.97,1.1,0.19,0.62,0.14,0.56,0.22,0.41,0.41,0.4,0.01,0.24,0.23,0.26,0.2,0.46,0.04,0.16,0.08,0.35,0.11,0.12,0.07,0.2,0.17,0.17,0.05,0.08,0.25,0.01,0,0.06,0.01,0.04,0,0.05,0.04,0.03,0,0.02,0,0.08,0.01,0.03,0.01,0.03,0.01,0.07,0,0.02,0.2
2017-01,33.71,19.73,8.78,3.41,2.16,3.78,3.87,1.9,2.12,2.3,1.66,2.92,0.45,1.83,0,0,0,1.23,0.38,0.98,1.32,0.2,0.63,0.12,0.56,0.2,0.58,0.42,0.33,0.02,0.24,0.25,0.27,0.21,0.5,0.05,0.18,0.07,0.36,0.11,0.12,0.13,0.19,0.21,0.22,0.05,0.08,0.23,0.01,0,0.07,0.02,0.06,0.01,0.08,0.05,0.03,0,0.02,0,0.1,0.01,0.03,0.01,0.05,0.01,0.07,0,0.03,0.27
2017-02,33.11,19.45,8.22,3.29,2.39,3.95,3.75,2.14,2.12,2.22,1.64,3.08,0.48,1.76,0,0,0.07,1.25,0.38,0.9,1.49,0.22,0.62,0.36,0.59,0.38,0.58,0.47,0.31,0.1,0.22,0.26,0.3,0.21,0.55,0.06,0.18,0.05,0.32,0.12,0.11,0.18,0.2,0.22,0.22,0.05,0.08,0.23,0.01,0,0.08,0.08,0.07,0,0.09,0.07,0.03,0,0.02,0,0.1,0.02,0.02,0.02,0.06,0.01,0.07,0.01,0.03,0.33
2017-03,33.16,19.5,8.13,2.97,2.59,3.95,3.72,2.34,2.13,2.13,1.6,3.11,0.39,1.77,0,0,0.12,1.27,0.39,0.93,1.63,0.23,0.63,0.27,0.58,0.2,0.58,0.47,0.31,0.1,0.23,0.25,0.3,0.22,0.54,0.06,0.2,0.06,0.3,0.12,0.11,0.17,0.21,0.22,0.23,0.05,0.08,0.22,0.01,0,0.08,0.1,0.08,0,0.08,0.08,0.03,0,0.02,0,0.1,0.02,0.02,0.03,0.06,0.01,0.07,0.02,0.03,0.39
2017-04,33.02,19.87,7.79,2.69,2.77,4.15,3.64,2.51,2.11,2.11,1.56,3.07,0.35,1.62,0,0,0.25,1.29,0.36,0.92,1.66,0.26,0.64,0.26,0.58,0.2,0.66,0.45,0.3,0.1,0.22,0.28,0.29,0.23,0.49,0.05,0.21,0.05,0.36,0.12,0.12,0.16,0.2,0.2,0.26,0.04,0.08,0.18,0.01,0,0.08,0.09,0.07,0,0.08,0.08,0.03,0,0.02,0,0.12,0.03,0.02,0.04,0.08,0.01,0.06,0.02,0.03,0.4
2017-05,33.17,19.32,7.56,2.7,3.06,4.37,3.58,2.83,2.1,2.04,1.49,3.07,0.34,1.54,0,0,0.43,1.32,0.35,0.84,1.74,0.26,0.64,0.26,0.57,0.21,0.64,0.47,0.28,0.1,0.21,0.28,0.29,0.22,0.49,0.05,0.21,0.04,0.35,0.12,0.12,0.16,0.2,0.19,0.24,0.04,0.08,0.17,0.01,0,0.07,0.09,0.07,0,0.09,0.08,0.03,0,0.01,0,0.12,0.02,0.02,0.04,0.08,0.01,0.06,0.02,0.03,0.4
2017-06,33.1,19.35,7.37,2.5,3.28,4.48,3.65,2.97,2.11,1.99,1.46,3.09,0.3,1.48,0,0,0.62,1.29,0.34,0.8,1.71,0.25,0.66,0.28,0.58,0.23,0.59,0.48,0.27,0.13,0.19,0.27,0.29,0.22,0.48,0.06,0.21,0.04,0.29,0.13,0.1,0.15,0.19,0.19,0.22,0.05,0.07,0.16,0.01,0,0.07,0.1,0.07,0,0.1,0.08,0.03,0,0.01,0,0.1,0.05,0.02,0.04,0.08,0.01,0.06,0.03,0.03,0.41
2017-07,33.4,18.78,7.59,2.42,3.55,4.56,3.69,3.06,2.19,1.93,1.41,3.09,0.3,1.37,0,0,0.78,1.29,0.34,0.8,1.63,0.23,0.64,0.3,0.57,0.23,0.52,0.47,0.27,0.15,0.18,0.25,0.3,0.23,0.43,0.06,0.22,0.03,0.25,0.13,0.08,0.18,0.18,0.18,0.23,0.05,0.07,0.14,0.01,0,0.06,0.09,0.07,0,0.12,0.08,0.03,0,0.01,0,0.08,0.04,0.02,0.04,0.07,0.01,0.05,0.04,0.03,0.42
2017-08,33.12,20.32,6.97,2.2,3.58,4.7,3.82,2.98,2.29,1.86,1.38,2.91,0.28,1.23,0,0,0.9,1.2,0.33,0.8,1.51,0.23,0.66,0.31,0.58,0.23,0.48,0.44,0.28,0.16,0.18,0.25,0.28,0.24,0.37,0.06,0.22,0.03,0.22,0.12,0.1,0.17,0.17,0.16,0.21,0.05,0.06,0.12,0.01,0,0.06,0.09,0.06,0,0.11,0.08,0.03,0,0.01,0,0.08,0.04,0.02,0.04,0.06,0.01,0.04,0.03,0.04,0.42
2017-09,33.71,19.37,7.42,2.07,3.59,4.85,3.82,3.02,2.31,1.88,1.35,2.86,0.27,1.17,0,0,0.97,1.21,0.31,0.79,1.39,0.24,0.66,0.34,0.61,0.25,0.47,0.41,0.29,0.17,0.17,0.26,0.25,0.24,0.34,0.06,0.23,0.03,0.22,0.11,0.11,0.17,0.15,0.15,0.21,0.04,0.06,0.11,0.01,0,0.06,0.08,0.06,0,0.13,0.09,0.03,0,0.01,0,0.07,0.04,0.02,0.04,0.06,0.01,0.04,0.03,0.05,0.44
2017-10,32.63,19.99,7.48,2.09,4,5.06,3.58,3.28,2.41,1.82,1.24,2.79,0.26,1.14,0,0,1.17,1.16,0.32,0.6,1.4,0.32,0.64,0.37,0.56,0.25,0.49,0.41,0.26,0.17,0.13,0.29,0.26,0.19,0.31,0.06,0.19,0.03,0.22,0.12,0.12,0.16,0.15,0.15,0.22,0.04,0.06,0.11,0.01,0,0.06,0.09,0.06,0,0.1,0.08,0.03,0,0.01,0,0.07,0.03,0.01,0.05,0.07,0.01,0.04,0.03,0.04,0.44
2017-11,31.88,20.34,7.46,1.96,4.38,5.06,3.52,3.34,2.54,1.78,1.23,2.86,0.22,1.21,0,0,1.33,1.13,0.34,0.58,1.38,0.32,0.63,0.37,0.49,0.25,0.5,0.44,0.22,0.18,0.13,0.28,0.27,0.18,0.33,0.05,0.19,0.04,0.2,0.12,0.13,0.15,0.16,0.16,0.21,0.04,0.05,0.11,0.01,0,0.07,0.1,0.06,0,0.08,0.08,0.03,0,0.01,0,0.07,0.03,0.01,0.06,0.07,0.01,0.05,0.03,0.03,0.42
2017-12,31.65,19.91,7.68,2,4.75,4.96,3.48,3.42,2.55,1.71,1.19,2.94,0.2,1.26,0,0,1.49,1.13,0.4,0.56,1.4,0.25,0.63,0.37,0.46,0.26,0.51,0.45,0.21,0.19,0.12,0.26,0.28,0.18,0.33,0.05,0.2,0.04,0.18,0.12,0.12,0.13,0.17,0.17,0.18,0.04,0.05,0.12,0.01,0,0.07,0.11,0.06,0,0.09,0.07,0.03,0,0.01,0,0.06,0.04,0.01,0.08,0.07,0.01,0.05,0.03,0.03,0.42
2018-01,31.81,19.64,7.52,2.04,4.85,5.26,3.48,3.45,2.64,1.71,1.12,2.87,0.18,1.24,0,0,1.62,1.1,0.43,0.56,1.35,0.19,0.62,0.38,0.46,0.26,0.49,0.46,0.21,0.2,0.12,0.26,0.27,0.18,0.32,0.05,0.2,0.04,0.15,0.12,0.12,0.13,0.16,0.17,0.15,0.04,0.05,0.11,0.01,0,0.07,0.11,0.07,0,0.08,0.08,0.03,0,0.01,0,0.06,0.04,0.01,0.08,0.06,0.02,0.05,0.03,0.03,0.42
2018-02,31.94,20.15,7.34,1.71,5.11,5.46,3.47,3.59,2.59,1.64,1.06,2.75,0.17,1.05,0,0,1.71,1.15,0.41,0.53,1.28,0.15,0.62,0.38,0.45,0.25,0.47,0.42,0.2,0.18,0.11,0.26,0.26,0.17,0.28,0.06,0.19,0.03,0.15,0.12,0.11,0.14,0.16,0.15,0.15,0.03,0.05,0.09,0.01,0,0.06,0.1,0.07,0,0.1,0.07,0.02,0,0.01,0,0.05,0.04,0.01,0.07,0.06,0.01,0.04,0.04,0.03,0.41
2018-03,31.14,20.83,8.19,1.6,4.97,5.82,3.27,3.4,2.66,1.6,1.03,2.6,0.16,1.04,0,0,1.75,1.08,0.44,0.38,1.22,0.16,0.61,0.42,0.49,0.26,0.44,0.42,0.2,0.21,0.08,0.27,0.25,0.12,0.27,0.06,0.14,0.03,0.13,0.11,0.13,0.16,0.15,0.15,0.14,0.03,0.05,0.09,0.01,0,0.05,0.1,0.08,0,0.1,0.08,0.03,0,0.01,0,0.05,0.05,0.01,0.07,0.06,0.01,0.04,0.05,0.03,0.42
2018-04,30.76,19.23,7.81,1.73,6.12,6.21,3.22,3.97,2.68,1.57,0.97,2.53,0.16,1.06,0,0,1.96,1.09,0.44,0.28,1.29,0.16,0.63,0.53,0.47,0.33,0.39,0.45,0.2,0.25,0.05,0.26,0.22,0.09,0.27,0.07,0.11,0.04,0.09,0.13,0.12,0.17,0.16,0.16,0.09,0.03,0.05,0.09,0.01,0,0.06,0.11,0.09,0,0.1,0.07,0.03,0.01,0.01,0,0.03,0.05,0,0.07,0.04,0.02,0.04,0.06,0.03,0.45
2018-05,30.15,18.97,7.11,1.52,7.02,6.58,3.13,4.19,2.81,1.5,0.93,2.59,0.12,1.06,0,0,2.22,1.01,0.42,0.21,1.33,0.17,0.63,0.55,0.47,0.35,0.48,0.49,0.18,0.3,0.04,0.27,0.24,0.06,0.28,0.07,0.08,0.03,0.09,0.13,0.11,0.17,0.16,0.17,0.1,0.03,0.04,0.09,0.01,0,0.08,0.12,0.1,0,0.08,0.06,0.03,0.01,0.01,0,0.03,0.05,0,0.08,0.04,0.02,0.04,0.06,0.03,0.48
2018-06,30.66,18.91,6.68,1.44,7.02,7.01,3.23,4.12,2.88,1.46,0.91,2.45,0.11,0.91,0,0,2.28,0.91,0.43,0.26,1.24,0.15,0.64,0.51,0.49,0.36,0.52,0.46,0.16,0.31,0.05,0.27,0.22,0.08,0.24,0.06,0.1,0.03,0.08,0.13,0.09,0.23,0.15,0.16,0.1,0.03,0.03,0.07,0.01,0,0.08,0.1,0.1,0,0.05,0.06,0.03,0.01,0.01,0,0.03,0.08,0,0.07,0.04,0.02,0.04,0.06,0.03,0.52
2018-07,30.7,19.4,6.14,1.33,7.34,7.15,3.26,4.23,2.81,1.42,0.88,2.3,0.1,0.8,0,0,2.45,0.91,0.43,0.29,1.19,0.16,0.61,0.47,0.62,0.33,0.51,0.43,0.15,0.29,0.05,0.28,0.2,0.09,0.22,0.07,0.11,0.03,0.08,0.13,0.08,0.21,0.14,0.15,0.1,0.03,0.03,0.07,0.01,0,0.08,0.09,0.1,0,0.05,0.06,0.02,0.01,0.01,0,0.03,0.06,0,0.07,0.04,0.02,0.04,0.06,0.03,0.48
2018-08,30.9,20.45,5.66,1.29,7.12,7.1,3.2,4.14,2.68,1.4,0.9,2.09,0.09,0.69,0,0,2.46,0.94,0.43,0.42,1.06,0.31,0.59,0.46,0.61,0.32,0.52,0.39,0.16,0.27,0.07,0.33,0.17,0.13,0.2,0.06,0.16,0.03,0.1,0.11,0.09,0.19,0.13,0.13,0.14,0.03,0.03,0.06,0.01,0,0.07,0.08,0.09,0,0.04,0.06,0.02,0.01,0.01,0,0.03,0.06,0,0.06,0.05,0.02,0.03,0.05,0.03,0.44
2018-09,30.8,20.66,4.76,1.24,7.39,7.57,3.11,4.35,2.67,1.36,0.84,2.06,0.08,0.68,0,0,2.63,0.97,0.45,0.3,1.03,0.45,0.57,0.48,0.58,0.34,0.55,0.38,0.14,0.27,0.05,0.41,0.17,0.09,0.19,0.06,0.12,0.03,0.11,0.1,0.11,0.18,0.12,0.13,0.16,0.03,0.03,0.06,0.01,0,0.08,0.08,0.09,0,0.03,0.05,0.02,0.01,0.01,0,0.04,0.06,0,0.06,0.05,0.02,0.03,0.05,0.03,0.45
2018-10,30.07,22.34,4.81,1.25,7.26,7.37,3.12,4.14,2.78,1.29,0.83,2,0.07,0.67,0,0,2.69,0.93,0.48,0.33,0.93,0.45,0.52,0.45,0.58,0.34,0.5,0.34,0.13,0.27,0.05,0.36,0.16,0.1,0.17,0.06,0.13,0.03,0.09,0.1,0.1,0.16,0.11,0.12,0.14,0.03,0.03,0.05,0.01,0,0.07,0.08,0.08,0,0.03,0.05,0.02,0.01,0.01,0,0.03,0.06,0,0.05,0.04,0.02,0.03,0.05,0.03,0.43
2018-11,28.34,24.44,5.27,1.29,7.83,6.31,3.07,4.23,3.02,0.84,0.83,2.15,0.07,0.76,0,0,3.42,0.67,0.51,0.33,0.85,0.34,0.44,0.47,0.37,0.3,0.53,0.35,0.11,0.3,0.06,0.27,0.16,0.04,0.17,0.04,0.07,0.04,0.08,0.08,0.06,0.14,0.09,0.13,0.1,0.02,0.02,0.05,0,0,0.06,0.09,0.07,0.01,0.03,0.04,0.02,0.01,0.01,0,0.02,0.07,0,0.06,0.03,0.01,0.03,0.05,0.02,0.33
2018-12,30.91,21.98,4.52,1.21,8.44,7.52,2.79,4.87,2.75,0.83,0.78,1.94,0.06,0.69,0,0,3.3,0.65,0.5,0.41,0.71,0.52,0.38,0.43,0.22,0.26,0.48,0.3,0.09,0.27,0.06,0.23,0.14,0.04,0.14,0.03,0.08,0.03,0.06,0.07,0.05,0.13,0.07,0.11,0.08,0.02,0.01,0.05,0,0,0.05,0.08,0.06,0,0.02,0.03,0.02,0,0.01,0,0.01,0.06,0,0.06,0.02,0.01,0.02,0.04,0.01,0.27
2019-01,32.16,22.85,4.43,1.16,7.88,7.87,2.78,4.49,2.72,0.79,0.76,1.77,0.06,0.6,0,0,3.04,0.57,0.49,0.46,0.6,0.5,0.35,0.39,0.2,0.24,0.4,0.26,0.09,0.24,0.07,0.16,0.12,0.04,0.11,0.03,0.08,0.03,0.04,0.06,0.05,0.13,0.06,0.09,0.04,0.01,0.01,0.04,0,0,0.04,0.07,0.05,0,0.02,0.03,0.02,0,0.01,0,0.01,0.05,0,0.05,0.01,0.01,0.02,0.04,0.01,0.24
2019-02,31.52,23.28,4.65,1.19,8.03,8.12,2.74,4.46,2.77,0.75,0.72,1.7,0.05,0.57,0,0,3.12,0.54,0.53,0.36,0.58,0.52,0.33,0.39,0.19,0.23,0.37,0.25,0.08,0.24,0.06,0.13,0.11,0.03,0.11,0.03,0.07,0.03,0.03,0.06,0.05,0.15,0.06,0.09,0.02,0.01,0.01,0.03,0,0,0.04,0.06,0.05,0,0.02,0.02,0.02,0,0.01,0,0.01,0.04,0,0.04,0.01,0.01,0.02,0.06,0.01,0.24
2019-03,31.77,22.4,4.11,1.19,7.52,8.57,2.89,4.41,2.72,1.15,0.66,1.51,0.06,0.47,0,0.02,2.65,0.91,0.52,0.36,0.68,0.6,0.39,0.48,0.33,0.32,0.36,0.26,0.11,0.25,0.06,0.19,0.1,0.11,0.1,0.05,0.16,0.02,0.03,0.09,0.1,0.15,0.08,0.09,0.03,0.02,0.02,0.03,0,0,0.05,0.05,0.07,0,0.02,0.03,0.02,0.01,0,0,0.01,0.05,0,0.04,0.01,0.02,0.02,0.07,0.03,0.39
2019-04,32.16,22.76,4.19,1.13,7.21,8.72,2.87,4.35,2.62,1.14,0.66,1.41,0.06,0.4,0,0.03,2.58,0.93,0.55,0.44,0.63,0.6,0.37,0.43,0.34,0.29,0.33,0.22,0.11,0.23,0.07,0.17,0.09,0.13,0.09,0.05,0.2,0.02,0.02,0.09,0.09,0.15,0.07,0.07,0.03,0.02,0.02,0.03,0,0,0.04,0.04,0.07,0,0.03,0.03,0.02,0.01,0,0,0.01,0.05,0,0.03,0.01,0.02,0.02,0.07,0.02,0.38
2019-05,31.55,22.66,4.49,1.13,7.46,8.97,2.89,4.42,2.68,1.11,0.62,1.35,0.05,0.39,0,0.03,2.73,0.95,0.6,0.36,0.62,0.61,0.36,0.47,0.32,0.29,0.31,0.21,0.1,0.23,0.05,0.15,0.09,0.11,0.08,0.05,0.17,0.02,0.02,0.08,0.08,0.11,0.07,0.07,0.02,0.02,0.02,0.02,0,0,0.04,0.04,0.07,0,0.03,0.03,0.02,0.01,0,0,0,0.03,0,0.03,0.01,0.02,0.02,0.07,0.02,0.37
2019-06,31.98,22.04,5.03,1.12,7.39,9.04,2.81,4.21,2.69,1.01,0.58,1.33,0.04,0.38,0,0.04,2.82,0.88,0.63,0.47,0.6,0.6,0.36,0.42,0.3,0.29,0.32,0.21,0.1,0.23,0.06,0.13,0.08,0.14,0.08,0.04,0.21,0.02,0.02,0.07,0.07,0.14,0.06,0.07,0.01,0.02,0.01,0.02,0,0,0.04,0.04,0.07,0,0.02,0.03,0.01,0.01,0,0,0,0.05,0,0.03,0.01,0.02,0.02,0.09,0.02,0.35
2019-07,31.13,22.01,5.36,1.11,7.76,9.15,2.56,4.46,2.63,0.94,0.54,1.3,0.04,0.35,0,0.04,3.26,0.87,0.62,0.42,0.66,0.58,0.33,0.4,0.28,0.28,0.31,0.2,0.09,0.22,0.06,0.12,0.08,0.12,0.07,0.14,0.19,0.02,0.01,0.08,0.06,0.14,0.06,0.07,0.01,0.02,0.01,0.02,0,0,0.03,0.04,0.06,0,0.03,0.03,0.01,0.01,0,0,0,0.05,0,0.03,0,0.02,0.02,0.08,0.02,0.36
2019-08,31.47,22.17,3.69,1.08,8.38,9.02,2.59,4.73,2.56,0.9,0.52,1.22,0.04,0.32,0.07,0.29,3.31,0.87,0.62,0.42,0.59,0.58,0.32,0.46,0.31,0.29,0.29,0.19,0.09,0.22,0.05,0.13,0.07,0.12,0.06,0.23,0.19,0.02,0.01,0.09,0.06,0.15,0.06,0.06,0.01,0.02,0.01,0.02,0,0,0.03,0.04,0.06,0,0.02,0.02,0.01,0.01,0,0,0,0.05,0,0.03,0,0.02,0.02,0.04,0.02,0.62
2019-09,31.18,22.48,3.16,1.02,8.26,10.02,2.47,4.57,2.48,0.85,0.47,1.09,0.03,0.29,0.1,0.49,3.32,0.8,0.62,0.41,0.58,0.65,0.29,0.45,0.29,0.32,0.27,0.18,0.08,0.22,0.05,0.12,0.07,0.12,0.06,0.45,0.18,0.01,0.01,0.08,0.07,0.13,0.05,0.06,0.01,0.02,0.01,0.02,0,0,0.03,0.03,0.05,0,0.02,0.02,0.01,0.01,0,0,0,0.04,0,0.02,0,0.02,0.01,0.04,0.02,0.67
2019-10,31.49,22.09,3.27,0.95,7.79,10.02,2.4,4.1,2.41,0.84,0.42,0.96,0.03,0.28,0.1,0.54,3.15,0.74,2.35,0.42,0.5,0.7,0.27,0.42,0.27,0.32,0.24,0.15,0.08,0.2,0.05,0.11,0.07,0.12,0.05,0.51,0.18,0.01,0.01,0.08,0.06,0.12,0.05,0.05,0.01,0.01,0.01,0.01,0,0,0.03,0.03,0.05,0,0.01,0.02,0.01,0.01,0,0,0,0.04,0,0.02,0,0.02,0.01,0.03,0.02,0.71
2019-11,31.36,22.9,3.21,0.97,8.16,10.18,2.4,4.42,2.4,0.83,0.4,0.97,0.03,0.24,0.08,0.78,3.41,0.75,0.66,0.43,0.45,0.73,0.27,0.45,0.27,0.32,0.22,0.14,0.08,0.19,0.05,0.1,0.07,0.13,0.05,0.52,0.19,0.01,0.01,0.07,0.06,0.13,0.05,0.05,0.01,0.02,0.01,0.01,0,0.02,0.03,0.03,0.05,0,0.01,0.02,0.01,0.01,0,0.02,0,0.04,0,0.02,0,0.02,0.01,0.02,0.01,0.44
2019-12,31.37,24.79,2.67,0.9,7.73,9.95,2.54,4.23,2.5,0.77,0.38,0.87,0.03,0.18,0.08,0.84,3.19,0.7,0.75,0.42,0.39,0.74,0.27,0.43,0.27,0.33,0.18,0.12,0.07,0.18,0.05,0.09,0.07,0.14,0.04,0.53,0.19,0.01,0.01,0.07,0.06,0.11,0.04,0.04,0.01,0.03,0.01,0.01,0,0.02,0.02,0.02,0.04,0,0.01,0.02,0.01,0.02,0,0.03,0,0.04,0,0.01,0,0.02,0.01,0.02,0.01,0.33
2020-01,31.29,24.76,2.18,0.88,8.1,10.61,2.4,4.25,2.42,0.8,0.38,0.86,0.03,0.15,0.08,0.88,3.02,0.69,0.69,0.43,0.35,0.79,0.26,0.47,0.27,0.37,0.15,0.11,0.07,0.18,0.05,0.09,0.06,0.15,0.03,0.48,0.2,0.01,0.01,0.08,0.06,0.1,0.04,0.03,0,0.02,0.01,0.01,0,0.04,0.02,0.02,0.04,0,0.01,0.02,0.01,0.02,0,0.02,0,0.03,0,0.01,0,0.02,0.01,0.02,0.01,0.33
2020-02,30.91,25.89,1.95,0.81,7.8,10.98,2.34,4.31,2.36,0.8,0.37,0.77,0.02,0.12,0.11,0.89,2.89,0.69,0.7,0.41,0.34,0.78,0.31,0.44,0.28,0.38,0.13,0.09,0.06,0.15,0.06,0.09,0.06,0.15,0.02,0.4,0.19,0,0.01,0.08,0.06,0.08,0.03,0.03,0,0.02,0.01,0.01,0,0.05,0.02,0.01,0.04,0,0.01,0.01,0.01,0.02,0,0.02,0,0.03,0,0.01,0,0.02,0.01,0.02,0.01,0.32
2020-03,30.8,27.03,1.83,0.72,7.7,10.7,2.28,4.3,2.35,0.76,0.36,0.74,0.02,0.12,0.11,0.93,2.87,0.66,0.73,0.36,0.31,0.78,0.37,0.4,0.28,0.37,0.12,0.08,0.06,0.13,0.06,0.09,0.05,0.13,0.02,0.32,0.17,0,0,0.07,0.05,0.07,0.03,0.02,0,0.02,0.01,0.01,0,0.05,0.02,0.01,0.04,0,0.01,0.01,0.01,0.02,0,0.02,0,0.03,0,0.01,0,0.02,0.01,0.01,0.01,0.32
2020-04,30.41,28.79,1.55,0.69,7.6,10.28,2.28,4.2,2.51,0.76,0.35,0.71,0.02,0.1,0.1,0.9,2.75,0.7,0.75,0.33,0.28,0.8,0.24,0.38,0.27,0.35,0.1,0.07,0.05,0.12,0.06,0.08,0.05,0.12,0.02,0.25,0.15,0,0,0.07,0.04,0.05,0.03,0.02,0,0.02,0.01,0.01,0,0.06,0.01,0.01,0.03,0,0.01,0.01,0.01,0.02,0,0.02,0,0.02,0,0.01,0,0.02,0.01,0.01,0.01,0.3
2020-05,30.18,26.72,1.8,0.73,8.36,10.39,2.19,4.7,2.46,0.78,0.36,0.77,0.02,0.1,0.11,1.04,3.12,0.76,0.7,0.28,0.31,0.81,0.25,0.44,0.29,0.39,0.11,0.08,0.05,0.14,0.06,0.08,0.05,0.11,0.02,0.28,0.13,0,0,0.07,0.05,0.05,0.03,0.02,0.01,0.02,0.01,0.01,0,0.06,0.02,0.01,0.03,0,0.01,0.01,0.01,0.01,0,0.02,0,0.03,0,0.01,0,0.03,0.01,0.01,0.01,0.31
2020-06,31.06,25.26,1.81,0.74,8.55,10.69,2.11,4.65,2.57,0.78,0.35,0.75,0.02,0.1,0.1,1.04,3.18,0.75,0.68,0.34,0.29,0.77,0.23,0.5,0.25,0.42,0.11,0.08,0.05,0.15,0.09,0.08,0.04,0.13,0.02,0.25,0.16,0,0,0.07,0.05,0.05,0.03,0.02,0.01,0.02,0.01,0.01,0,0.06,0.02,0.01,0.03,0,0.01,0.01,0.01,0.01,0,0.02,0,0.02,0,0.01,0,0.03,0.01,0.01,0.01,0.3
2020-07,30.95,24.82,1.8,0.76,8.94,10.75,2.03,4.69,2.45,0.75,0.33,0.74,0.02,0.11,0.1,1.13,3.46,0.72,0.65,0.37,0.29,0.76,0.21,0.53,0.24,0.42,0.11,0.08,0.06,0.16,0.09,0.08,0.04,0.14,0.02,0.26,0.17,0,0,0.07,0.04,0.04,0.03,0.02,0,0.02,0.01,0.01,0,0.06,0.01,0.01,0.03,0,0.01,0.01,0.01,0.01,0,0.02,0,0.02,0,0.01,0,0.02,0.01,0.01,0.01,0.29
2020-08,31.04,25.15,1.81,0.74,8.9,10.73,1.96,4.69,2.39,0.73,0.32,0.72,0.02,0.1,0.1,1.18,3.38,0.7,0.63,0.38,0.27,0.75,0.2,0.54,0.23,0.45,0.1,0.07,0.05,0.16,0.08,0.07,0.04,0.15,0.02,0.25,0.17,0,0,0.06,0.04,0.04,0.02,0.02,0,0.02,0.01,0,0,0.06,0.01,0.01,0.03,0,0.01,0.01,0.01,0.01,0,0.02,0,0.02,0,0,0,0.02,0.01,0.01,0.01,0.27
2020-09,30.57,24.98,1.67,0.74,9.49,10.58,1.88,4.94,2.27,0.69,0.29,0.67,0.01,0.09,0.1,1.45,3.5,0.67,0.63,0.33,0.26,0.81,0.19,0.6,0.21,0.55,0.1,0.07,0.05,0.18,0.05,0.07,0.03,0.14,0.02,0.23,0.16,0,0,0.06,0.04,0.05,0.02,0.02,0,0.02,0.01,0,0,0.06,0.01,0.01,0.02,0,0.01,0.01,0.01,0.01,0,0.02,0,0.02,0,0,0,0.02,0,0.01,0.01,0.26
2020-10,30.25,26.53,1.84,0.69,9.67,10.44,1.79,4.83,2.21,0.67,0.28,0.65,0.02,0.08,0.1,1.55,2.54,0.64,0.63,0.31,0.24,0.85,0.18,0.59,0.2,0.55,0.09,0.06,0.05,0.17,0.04,0.06,0.03,0.13,0.01,0.19,0.15,0,0,0.05,0.04,0.05,0.02,0.02,0,0.02,0.01,0,0,0.06,0.01,0.01,0.01,0,0.01,0.01,0.01,0.01,0,0.02,0,0.02,0,0,0,0.02,0,0.01,0.01,0.24
2020-11,30.36,28.19,2.78,0.69,9.6,10.43,1.81,4.8,2.2,0.67,0.27,0.62,0.02,0.08,0.13,1.65,0,0.62,0.7,0.26,0.2,0.83,0.18,0.62,0.2,0.59,0.08,0.06,0.04,0.18,0.04,0.06,0.03,0.11,0.01,0.15,0.12,0,0,0.05,0.04,0.05,0.02,0.02,0,0.02,0.01,0,0,0.04,0.01,0.01,0,0,0.01,0.01,0.01,0.01,0,0.02,0,0.02,0,0,0,0.02,0,0.01,0.01,0.24
2020-12,29.14,26.91,1.69,0.66,10.02,9.83,1.71,5.02,2.09,0.61,0.24,0.62,0.01,0.08,3.7,2.07,0.01,0.58,0.66,0.2,0.2,0.84,0.16,0.73,0.17,0.63,0.1,0.06,0.04,0.21,0.03,0.06,0.03,0.08,0.01,0.07,0.09,0,0,0.04,0.03,0.05,0.02,0.02,0,0.02,0,0,0,0.04,0.01,0.01,0,0,0.01,0.01,0.01,0.02,0,0.05,0,0.02,0,0,0,0.02,0,0.01,0.01,0.22
2021-01,28.97,27.47,1.61,0.63,10.04,9.72,1.69,5.03,2.13,0.6,0.23,0.6,0.01,0.08,3.74,2.11,0.01,0.57,0.66,0.19,0.19,0.83,0.16,0.67,0.16,0.58,0.1,0.05,0.03,0.19,0.02,0.05,0.03,0.08,0.01,0.04,0.08,0,0,0.04,0.03,0.04,0.02,0.01,0,0.02,0,0,0,0.04,0.01,0.01,0,0,0.01,0.01,0,0.02,0,0.06,0,0.02,0,0,0,0.03,0,0.01,0.01,0.21
2021-02,28.52,27.33,1.82,0.64,10.27,9.62,1.67,5.07,2.17,0.59,0.22,0.61,0.01,0.08,3.84,2.23,0.01,0.56,0.66,0.16,0.2,0.83,0.16,0.7,0.16,0.6,0.1,0.06,0.03,0.19,0.02,0.05,0.03,0.07,0.01,0.04,0.07,0,0,0.04,0.03,0.04,0.02,0.02,0,0.02,0,0,0,0.04,0.01,0.01,0,0,0,0.01,0,0.02,0,0.07,0,0.02,0,0,0,0.03,0,0.01,0.01,0.2
2021-03,28.35,27.41,1.94,0.64,10.31,9.27,1.63,5.29,2.16,0.59,0.23,0.59,0.01,0.08,3.95,2.32,0.01,0.57,0.66,0.13,0.19,0.83,0.15,0.7,0.15,0.61,0.11,0.05,0.03,0.19,0.01,0.05,0.03,0.05,0.01,0.03,0.06,0,0,0.04,0.02,0.04,0.02,0.01,0,0.02,0,0,0,0.04,0.01,0.01,0,0,0,0.01,0,0.03,0,0.08,0,0.02,0,0,0,0.03,0,0.01,0.01,0.19
2021-04,28.15,27,2.45,0.64,10.43,9.19,1.6,5.31,2.19,0.55,0.21,0.62,0.02,0.08,3.99,2.34,0.01,0.55,0.68,0.12,0.19,0.85,0.14,0.73,0.14,0.61,0.11,0.05,0.03,0.2,0.01,0.04,0.03,0.05,0.01,0.03,0.05,0,0,0.04,0.02,0.03,0.02,0.01,0,0.02,0,0,0,0.04,0.01,0.01,0,0,0,0.01,0,0.03,0,0.09,0,0.02,0,0,0,0.03,0,0.01,0.01,0.19
2021-05,27.84,26.46,3.2,0.64,10.63,8.84,1.58,5.39,2.18,0.53,0.2,0.6,0.01,0.07,4.12,2.41,0.01,0.53,0.67,0.14,0.19,0.87,0.14,0.77,0.13,0.62,0.11,0.05,0.03,0.21,0.01,0.04,0.03,0.06,0.01,0.03,0.06,0,0,0.04,0.02,0.03,0.02,0.01,0,0.02,0,0,0,0.04,0.01,0.01,0,0,0,0.01,0,0.03,0,0.1,0,0.01,0,0,0,0.02,0,0.01,0,0.19
2021-06,27.48,26.35,3.12,0.64,10.8,8.66,1.55,5.67,2.23,0.5,0.2,0.57,0.01,0.07,4.32,2.62,0.01,0.52,0.66,0.13,0.19,0.89,0.14,0.74,0.13,0.63,0.11,0.05,0.03,0.2,0.01,0.04,0.03,0.05,0.01,0.02,0.06,0,0,0.04,0.01,0.03,0.02,0.01,0,0.02,0,0,0,0.04,0.01,0.01,0,0,0,0.01,0,0.03,0,0.11,0,0.01,0,0,0,0.02,0,0.01,0,0.18
2021-07,27.33,26.92,3.21,0.63,10.94,8.19,1.55,5.54,2.27,0.48,0.19,0.56,0.01,0.07,4.34,2.66,0.01,0.5,0.67,0.12,0.18,0.88,0.13,0.74,0.12,0.6,0.1,0.05,0.02,0.2,0.01,0.03,0.03,0.05,0.01,0.02,0.05,0,0,0.03,0.01,0.03,0.02,0.01,0,0.02,0,0,0,0.04,0.01,0,0,0,0,0,0,0.04,0,0.11,0,0.01,0,0,0,0.02,0,0.01,0,0.18
2021-08,27.92,26.42,2.27,0.6,11.38,7.91,1.52,5.61,2.25,0.46,0.17,0.54,0.01,0.05,4.58,2.83,0.01,0.47,0.68,0.11,0.16,0.96,0.13,0.86,0.11,0.82,0.09,0.05,0.03,0.26,0.01,0.03,0.02,0.05,0.01,0.02,0.05,0,0,0.03,0.01,0.03,0.01,0.01,0,0.02,0,0,0,0.04,0,0,0,0,0,0,0,0.04,0,0.11,0,0.01,0,0,0,0.02,0,0.01,0,0.19
2021-09,27.55,26.75,2.26,0.58,11.51,7.88,1.45,5.65,2.26,0.44,0.16,0.53,0.01,0.05,4.57,2.85,0.01,0.44,0.67,0.1,0.15,0.96,0.13,0.9,0.11,0.88,0.08,0.04,0.02,0.27,0.01,0.03,0.02,0.04,0.01,0.02,0.05,0,0,0.03,0.01,0.02,0.01,0.01,0,0.02,0,0,0,0.04,0,0,0,0,0,0,0,0.03,0,0.11,0,0.01,0,0,0,0.02,0,0.01,0,0.17
2021-10,27.06,28.21,2.28,0.55,11.4,7.64,1.41,5.37,2.28,0.43,0.15,0.49,0.01,0.04,4.29,3.05,0.01,0.41,0.68,0.1,0.14,0.95,0.13,0.85,0.1,0.85,0.07,0.04,0.02,0.25,0.01,0.03,0.02,0.04,0.01,0.02,0.04,0,0,0.03,0.02,0.02,0.11,0.01,0,0.02,0,0,0,0.03,0,0,0,0,0,0,0,0.03,0,0.1,0,0.02,0,0,0,0.02,0,0,0,0.15
2021-11,27.18,28.54,2.62,0.55,11.37,7.52,1.37,5.3,2.33,0.42,0.14,0.47,0.01,0.04,4.2,2.73,0.01,0.39,0.65,0.09,0.13,0.95,0.13,0.87,0.1,0.88,0.07,0.04,0.02,0.25,0.01,0.03,0.02,0.04,0,0.02,0.04,0,0,0.03,0.01,0.02,0.04,0.01,0,0.02,0,0,0,0.03,0,0,0,0,0,0,0,0.03,0,0.1,0,0.02,0,0,0,0.02,0,0,0,0.15
2021-12,26.93,29.24,2.72,0.54,11.52,7.19,1.27,5.31,2.25,0.41,0.14,0.45,0.01,0.04,4.13,2.75,0.01,0.39,0.73,0.1,0.12,0.96,0.12,0.81,0.09,0.83,0.07,0.03,0.02,0.24,0.01,0.02,0.02,0.04,0,0.02,0.04,0,0,0.03,0.01,0.02,0.02,0.01,0,0.02,0,0,0,0.03,0,0,0,0,0,0,0,0.03,0,0.1,0,0.01,0,0,0,0.02,0,0,0,0.14
2022-01,27.18,29.49,2.19,0.52,11.54,6.64,1.21,5.29,2.42,0.44,0.13,0.46,0.01,0.03,4.26,2.92,0,0.36,0.78,0.11,0.11,1.07,0.12,0.85,0.1,0.83,0.06,0.03,0.02,0.23,0.01,0.02,0.02,0.04,0,0.01,0.04,0,0,0.02,0.01,0.01,0.01,0,0,0.01,0,0,0,0.04,0,0,0,0,0,0,0,0.04,0,0.08,0,0.02,0,0,0,0.02,0,0,0,0.17
2022-02,27.68,28.29,2.17,0.54,11.61,6.41,1.38,5.36,2.91,0.43,0.12,0.45,0.01,0.03,4.19,3,0,0.35,0.76,0.1,0.11,1.04,0.12,0.94,0.1,0.91,0.06,0.03,0.02,0.26,0.01,0.02,0.02,0.03,0,0.01,0.03,0,0,0.02,0.01,0.01,0.01,0,0,0.02,0,0,0,0.05,0,0,0,0,0,0,0,0.04,0,0.09,0,0.02,0,0,0,0.02,0,0,0,0.18
2022-03,28.22,27.57,2.25,0.54,12.24,6.53,1.26,5.25,2.66,0.45,0.12,0.43,0.01,0.03,4.12,2.99,0,0.35,0.75,0.14,0.1,1.04,0.11,0.93,0.1,0.85,0.05,0.03,0.02,0.25,0.01,0.02,0.01,0.05,0,0.01,0.04,0,0,0.02,0.01,0.01,0.01,0,0,0.02,0,0,0,0.05,0,0,0,0,0,0,0,0.04,0,0.08,0,0.01,0,0,0,0.02,0,0,0,0.19
2022-04,27.94,27.68,2.55,0.54,12.18,6.18,1.18,5.37,2.62,0.46,0.12,0.42,0.01,0.02,4.25,3.09,0,0.35,0.81,0.1,0.1,1.05,0.11,0.94,0.09,0.86,0.05,0.03,0.02,0.26,0.01,0.02,0.01,0.03,0,0.02,0.03,0,0,0.02,0.01,0.01,0.01,0,0,0.02,0,0,0,0.05,0,0,0,0,0,0,0,0.05,0,0.08,0,0.01,0,0,0,0.02,0,0,0,0.18
2022-05,28.25,27.83,2.25,0.51,12.64,6.25,1.09,5.37,2.42,0.43,0.12,0.38,0,0.02,4.08,3.04,0,0.32,0.77,0.19,0.08,1.04,0.11,0.9,0.09,0.84,0.04,0.03,0.02,0.23,0.01,0.02,0.01,0.06,0,0.01,0.06,0,0,0.02,0.01,0.01,0.01,0,0,0.01,0,0,0,0.05,0,0,0,0,0,0,0,0.04,0,0.08,0,0.01,0,0,0,0.02,0,0,0,0.18
2022-06,28.24,27.22,2.12,0.5,13.05,6.09,1.03,5.76,2.35,0.4,0.1,0.37,0,0.02,4.3,3.26,0,0.29,0.73,0.2,0.08,1.04,0.1,0.85,0.08,0.87,0.04,0.02,0.02,0.22,0.01,0.01,0.01,0.07,0,0.01,0.06,0,0,0.02,0.01,0.01,0.01,0,0,0.01,0,0,0,0.05,0,0,0,0,0,0,0,0.05,0,0.08,0,0.01,0,0,0,0.02,0,0,0,0.17
2022-07,28.17,27.5,2.62,0.49,12.86,6.34,1.01,5.39,2.41,0.35,0.08,0.35,0,0.02,4.28,3.1,0,0.26,0.75,0.2,0.1,1.02,0.1,0.82,0.08,0.77,0.04,0.02,0.02,0.2,0.01,0.01,0.01,0.07,0,0.01,0.06,0,0,0.02,0.01,0.01,0.01,0,0,0.01,0,0,0,0.06,0,0,0,0,0,0,0,0.05,0,0.07,0,0.01,0,0,0,0.02,0,0,0,0.18
2022-08,28.76,27.83,2.54,0.49,12.8,6.03,1,5.14,2.48,0.35,0.09,0.35,0,0.01,3.95,2.94,0,0.24,0.74,0.21,0.07,1.02,0.11,0.96,0.09,0.86,0.03,0.02,0.02,0.22,0.01,0.01,0.01,0.07,0,0.01,0.06,0,0,0.02,0.01,0,0.01,0,0,0.01,0,0,0,0.06,0,0,0,0,0,0,0,0.05,0,0.08,0,0.01,0,0,0,0.02,0,0,0,0.18
2022-09,28.41,27.8,2.31,0.48,13.02,5.64,0.93,5.32,2.36,0.32,0.08,0.34,0,0.02,4.29,3.16,0,0.23,0.73,0.2,0.07,1.07,0.11,1.02,0.09,0.92,0.03,0.02,0.02,0.25,0.01,0.01,0.01,0.08,0,0.02,0.06,0,0,0.02,0.01,0,0.01,0,0,0.01,0,0,0,0.08,0,0,0,0,0,0.01,0,0.06,0,0.08,0,0,0,0,0,0.02,0,0,0,0.27
2022-10,28.21,28.41,2.19,0.45,12.73,5.27,0.85,5.53,2.33,0.31,0.07,0.31,0,0.02,4.31,3.16,0,0.21,0.77,0.18,0.06,1.11,0.11,1.09,0.09,0.96,0.03,0.02,0.01,0.26,0.01,0.01,0.01,0.09,0,0.02,0.05,0,0,0.02,0.01,0,0.01,0,0,0.02,0,0,0,0.09,0,0,0,0,0,0.01,0,0.07,0,0.07,0,0.01,0,0,0,0.02,0,0,0,0.37
2022-11,28.33,27.48,2.16,0.45,12.97,4.98,0.78,6.28,2.3,0.29,0.06,0.3,0,0.02,4.59,3.37,0,0.19,0.72,0.17,0.06,1.12,0.1,1.02,0.08,0.98,0.03,0.02,0.01,0.25,0.01,0.01,0.01,0.08,0,0.02,0.05,0,0,0.02,0.01,0.01,0.02,0,0,0.02,0,0,0,0.09,0,0,0,0,0,0.01,0,0.06,0,0.07,0,0.01,0,0,0,0.02,0,0,0,0.38
2022-12,27.38,26.98,3.28,0.43,12.35,5.25,0.71,6.4,2.25,0.27,0.05,0.29,0,0.02,5.07,3.68,0,0.19,0.75,0.1,0.08,1.21,0.1,0.98,0.07,1,0.03,0.02,0.01,0.24,0,0.01,0.01,0.05,0,0.02,0.03,0,0,0.02,0.01,0.01,0.01,0,0,0.01,0,0,0,0.12,0,0,0,0,0,0.01,0,0.05,0,0.08,0,0.01,0,0,0,0.02,0,0,0,0.32
2023-01,27.09,27.6,2.74,0.45,12.52,4.62,0.68,6.41,2.3,0.27,0.05,0.3,0,0.02,5.26,3.96,0,0.19,0.74,0.08,0.07,1.26,0.11,1.07,0.07,1.06,0.03,0.02,0.01,0.26,0,0.01,0.01,0.04,0,0.02,0.02,0,0,0.02,0.01,0.01,0.01,0,0,0.01,0,0,0,0.12,0,0,0,0,0,0.01,0,0.05,0,0.08,0,0,0,0,0,0.02,0,0,0,0.3
2023-02,26.75,27.1,3.14,0.45,12.29,4.84,0.64,6.86,2.28,0.24,0.05,0.29,0,0.02,5.3,4.03,0,0.17,0.76,0.06,0.08,1.22,0.1,1.06,0.07,1.15,0.02,0.01,0.01,0.26,0,0.01,0.01,0.03,0,0.02,0.02,0,0,0.02,0.01,0,0.01,0,0,0.01,0,0,0,0.12,0,0,0,0,0,0.01,0,0.04,0,0.08,0,0.01,0,0,0,0.01,0,0,0,0.29
2023-03,27.1,28.42,3,0.46,12.16,4.32,0.7,6.39,2.5,0.25,0.06,0.29,0,0.02,5.17,3.79,0,0.18,0.74,0.05,0.07,1.23,0.1,1.01,0.07,0.95,0.02,0.01,0.01,0.25,0,0.01,0.01,0.03,0,0.02,0.01,0,0,0.01,0.01,0,0.01,0,0,0.01,0,0,0,0.12,0,0,0,0,0,0.01,0,0.04,0,0.07,0,0,0,0,0,0.01,0,0,0,0.28
2023-04,26.05,30.61,3.2,0.45,11.68,4.11,0.62,6.35,2.21,0.24,0.06,0.29,0,0.02,5.09,3.68,0,0.18,0.73,0.05,0.07,1.18,0.1,1.03,0.06,0.97,0.02,0.01,0.01,0.26,0,0.01,0.01,0.02,0,0.02,0.01,0,0,0.02,0.01,0,0.01,0,0,0.01,0,0,0,0.12,0,0,0,0,0,0.01,0,0.04,0,0.07,0,0,0,0,0,0.01,0,0,0,0.27
2023-05,25.27,31.44,4.39,0.44,11.13,4.01,0.54,6.52,2.05,0.24,0.05,0.28,0,0.01,4.88,3.51,0,0.16,0.76,0.03,0.06,1.06,0.1,1.01,0.06,1.02,0.02,0.01,0.01,0.26,0,0.01,0.01,0.02,0,0.02,0.01,0,0,0.02,0,0,0.01,0,0,0.01,0,0,0,0.14,0,0,0,0,0,0.01,0,0.04,0,0.07,0,0,0,0,0,0.01,0,0,0,0.26
2023-06,24.59,28.44,6.74,0.42,11.05,4.07,0.49,6.95,2.01,0.23,0.05,0.26,0,0.01,5.39,3.78,0,0.15,0.89,0.03,0.07,1.12,0.08,0.99,0.05,1.06,0.02,0.01,0.01,0.26,0,0.01,0.01,0.01,0,0.02,0.01,0,0,0.01,0,0,0,0,0,0.01,0,0,0,0.2,0,0,0,0,0,0.02,0,0.06,0,0.06,0,0,0,0,0,0.01,0,0,0,0.3
2023-07,24.22,28.39,7.35,0.39,11.21,4,0.48,6.06,2.11,0.24,0.05,0.26,0,0.02,5.53,3.87,0,0.15,0.95,0.03,0.08,1.27,0.08,1.08,0.05,1.06,0.03,0.02,0.01,0.28,0,0.01,0.01,0.01,0,0.02,0.01,0,0,0.01,0,0,0.01,0,0,0.01,0,0,0,0.22,0,0,0,0,0,0.02,0,0.06,0,0.07,0,0,0,0,0,0.01,0,0,0,0.26
2023-08,24.16,28.53,7.74,0.4,11.09,4,0.47,5.85,2.12,0.24,0.05,0.26,0,0.01,5.37,3.77,0,0.14,0.95,0.03,0.07,1.29,0.08,1.17,0.04,1.1,0.02,0.01,0.01,0.3,0,0.01,0.01,0.01,0,0.02,0.01,0,0,0.01,0,0,0,0,0,0.01,0,0,0,0.22,0,0,0,0,0,0.02,0,0.06,0,0.07,0,0,0,0,0,0.01,0,0,0,0.25
2023-09,24.23,29.58,8.12,0.39,10.84,3.81,0.45,5.53,2.1,0.25,0.06,0.25,0,0.01,5.02,3.52,0,0.17,0.95,0.02,0.06,1.22,0.08,1.19,0.05,1.06,0.02,0.01,0.01,0.3,0,0.01,0.01,0.01,0,0.02,0.01,0,0,0.01,0,0,0,0,0,0.01,0,0,0,0.23,0,0,0,0,0,0.02,0,0.06,0,0.06,0,0,0,0,0,0.01,0,0,0,0.23
2023-10,24.69,29.65,7.11,0.38,10.99,3.6,0.44,5.52,2.17,0.26,0.06,0.25,0,0.01,4.93,3.48,0,0.18,1.14,0.02,0.06,1.22,0.08,1.33,0.05,1.2,0.02,0.01,0.01,0.37,0,0.01,0,0.01,0,0.02,0.01,0,0,0.01,0,0,0,0,0,0.01,0,0,0,0.27,0,0,0,0,0,0.02,0,0.05,0,0.06,0,0,0,0,0,0.01,0,0,0,0.25
2023-11,24.61,29.12,6.81,0.38,11.52,3.52,0.42,5.59,2.16,0.26,0.05,0.26,0,0.01,4.97,3.58,0,0.19,0.98,0.02,0.06,1.21,0.09,1.47,0.06,1.34,0.02,0.01,0.01,0.44,0,0.01,0,0.01,0,0.02,0.01,0,0,0.01,0,0,0,0,0,0.01,0,0,0,0.35,0,0,0,0,0,0.01,0,0.05,0,0.06,0,0,0,0,0,0.01,0,0,0,0.27
2023-12,24.15,28.8,6.78,0.38,11.99,3.49,0.38,5.63,2.15,0.26,0.05,0.25,0,0.01,5.13,3.74,0,0.17,0.95,0.02,0.06,1.28,0.09,1.51,0.05,1.34,0.02,0.01,0.01,0.46,0,0.01,0,0.01,0,0.02,0.01,0,0,0.01,0,0,0,0,0,0.01,0,0,0,0.37,0,0,0,0,0,0.01,0,0.04,0,0.06,0,0,0,0,0,0.01,0,0,0,0.27
2024-01,23.69,29.27,7.15,0.36,11.9,3.59,0.35,5.64,2.15,0.23,0.05,0.26,0,0.01,5.02,3.65,0,0.18,0.97,0.02,0.06,1.24,0.09,1.42,0.05,1.3,0.02,0.01,0.01,0.43,0,0.01,0,0.01,0,0.02,0.01,0,0,0.01,0,0,0,0,0,0.01,0,0,0,0.42,0,0,0,0,0,0.01,0,0.04,0,0.05,0,0,0,0,0,0.01,0,0,0,0.27
2024-02,23.77,27.84,7.43,0.37,11.74,3.62,0.33,6.3,2.07,0.24,0.04,0.25,0,0.01,5.12,3.98,0,0.17,0.94,0.02,0.07,1.16,0.09,1.51,0.05,1.46,0.03,0.01,0.01,0.47,0,0.01,0,0.01,0,0.02,0.01,0,0,0.01,0,0,0,0,0,0.01,0,0,0,0.45,0,0,0,0,0,0.01,0,0.04,0,0.06,0,0,0,0,0,0.01,0,0,0,0.26
2024-03,23.85,28.46,8.06,0.37,11.59,3.29,0.34,5.9,2.23,0.24,0.04,0.25,0,0.01,5.08,3.57,0,0.16,1.04,0.02,0.07,1.15,0.09,1.48,0.05,1.28,0.02,0.01,0.01,0.47,0,0.01,0,0.01,0,0.02,0,0,0,0.01,0,0,0,0,0,0.01,0,0,0,0.44,0,0,0,0,0,0.01,0,0.04,0,0.05,0,0,0,0,0,0.01,0,0,0,0.26
2024-04,23.95,27.95,8.11,0.35,11.44,3.36,0.34,5.77,2.29,0.26,0.04,0.24,0,0.01,5,3.53,0,0.15,1.14,0.02,0.07,1.16,0.1,1.63,0.04,1.46,0.03,0.01,0.01,0.53,0,0.01,0,0.01,0,0.02,0,0,0,0.01,0,0,0,0,0,0.01,0,0,0,0.56,0,0,0,0,0,0.01,0,0.05,0,0.05,0,0,0,0,0,0.01,0,0,0,0.26
2024-05,24.18,27.42,7.8,0.35,11.6,3.43,0.33,5.85,2.29,0.28,0.04,0.24,0,0.01,5.12,3.55,0,0.14,1.22,0.01,0.07,1.17,0.09,1.63,0.04,1.49,0.03,0.01,0.01,0.54,0,0.01,0,0.01,0,0.02,0,0,0,0.01,0,0,0,0,0,0.01,0,0,0,0.61,0,0,0,0,0,0.01,0,0.05,0,0.05,0,0,0,0,0,0.01,0,0,0,0.25
2010-03,0,0,0,0,0,0,0,0,0,0,0,0,0,0,0,0,0,0,0,0,0,0,0,0,0,0,0,0,0,0,0,0,0,0,0,0,0,0,0,0,0,0,0,0,0,0,0,0,0,0,0,0,0,0,0,0,0,0,0,0,0,0,0,0,0,0,0,0,0,0
