"Date","Apple","Huawei","Unknown","Xiaomi","Oppo","Samsung","BBK","Vivo","Mobicel","Hisense","Meizu","Nokia","Google","Coolpad","Lenovo","ZTE","HTC","OnePlus","Sony","Honor","LeEco","Gionee","Realme","Smartisan","White Label","LG","Motorola","K-Touch","RIM","China Mobile","QiKU","Meisu","Alcatel","Asus","Lava","Konka","Redmi","360","Other"
2010-04,6.23,0,0,0,0,2.37,0,0,0,0,0,85.89,0.06,0,0,0,0.02,0,4.05,0,0,0,0,0,0,0.08,0.2,0,0.92,0,0,0,0,0,0,0,0,0,0.19
2010-05,5.91,0,0,0,0,2.39,0,0,0,0,0,86.28,0.08,0,0,0,0.02,0,3.93,0,0,0,0,0,0,0.06,0.17,0,0.95,0,0,0,0,0,0,0,0,0,0.21
2010-06,6.05,0,0,0,0,2.39,0,0,0,0,0,86.77,0.09,0,0,0,0.02,0,3.47,0,0,0,0,0,0,0.07,0.15,0,0.83,0,0,0,0,0,0,0,0,0,0.17
2010-07,6,0,0,0,0,2.52,0,0,0,0,0,86.88,0.1,0,0,0,0.02,0,3.44,0,0,0,0,0,0,0.07,0.16,0,0.63,0,0,0,0,0,0,0,0,0,0.19
2010-08,5.76,0,0,0,0,2.65,0,0,0,0,0,87.36,0.07,0,0,0,0.01,0,3.22,0,0,0,0,0,0,0.08,0.21,0,0.5,0,0,0,0,0,0,0,0,0,0.16
2010-09,5.65,0,0,0,0,2.6,0,0,0,0,0,87.56,0.06,0,0,0,0.01,0,2.97,0,0,0,0,0,0,0.07,0.24,0,0.71,0,0,0,0,0,0,0,0,0,0.13
2010-10,6.68,0,0,0,0,2.6,0,0,0,0,0,86.44,0.06,0,0,0,0.01,0,2.98,0,0,0,0,0,0,0.07,0.29,0,0.74,0,0,0,0,0,0,0,0,0,0.13
2010-11,8.73,0,0,0,0,2.54,0,0,0,0,0,84.4,0.05,0,0,0,0,0,3.07,0,0,0,0,0,0,0.1,0.27,0,0.67,0,0,0,0,0,0,0,0,0,0.16
2010-12,12.61,0,0,0,0,2.75,0,0,0,0,0,80.26,0.09,0,0,0,0,0,2.97,0,0,0,0,0,0,0.1,0.24,0,0.75,0,0,0,0,0,0,0,0,0,0.22
2011-01,14.47,0,0,0,0,2.45,0,0,0,0,0,79.05,0.08,0,0,0,0.01,0,2.65,0,0,0,0,0,0,0.09,0.22,0,0.78,0,0,0,0,0,0,0,0,0,0.2
2011-02,16.39,0,0,0,0,2.36,0,0,0,0,0,77.47,0.1,0,0,0,0.01,0,2.47,0,0,0,0,0,0,0.08,0.2,0,0.71,0,0,0,0,0,0,0,0,0,0.2
2011-03,18.36,0,0,0,0,2.5,0,0,0,0,0,75.54,0.13,0,0,0,0.02,0,2.29,0,0,0,0,0,0,0.07,0.18,0,0.69,0,0,0,0,0,0,0,0,0,0.21
2011-04,18.67,0,0,0,0,2.52,0,0,0,0,0,75.3,0.13,0,0,0,0.05,0,2.23,0,0,0,0,0,0,0.05,0.18,0,0.69,0,0,0,0,0,0,0,0,0,0.17
2011-05,20.42,0,0,0,0,2.77,0,0,0,0,0,73.46,0.13,0,0,0,0.06,0,2.14,0,0,0,0,0,0,0.05,0.2,0,0.61,0,0,0,0,0,0,0,0,0,0.17
2011-06,20.41,0,0,0,0,3.04,0,0,0,0,0,73.4,0.16,0,0,0,0.09,0,2.01,0,0,0,0,0,0,0.05,0.14,0,0.52,0,0,0,0,0,0,0,0,0,0.19
2011-07,20.92,0,0,0,0,3.19,0,0,0,0,0,72.63,0.24,0,0,0,0.06,0,2.01,0,0,0,0,0,0,0.06,0.14,0,0.61,0,0,0,0,0,0,0,0,0,0.15
2011-08,22.28,0,0,0,0,3.34,0,0,0,0,0,71.12,0.33,0,0,0,0.11,0,1.85,0,0,0,0,0,0,0.05,0.14,0,0.62,0,0,0,0,0,0,0,0,0,0.16
2011-09,22.46,0,0,0,0,3.12,0,0,0,0,0,70.69,0.36,0,0,0,0.3,0,1.99,0,0,0,0,0,0,0.05,0.15,0,0.68,0,0,0,0,0,0,0,0,0,0.19
2011-10,19.61,0,0,0,0,3.01,0,0,0,0,0,58.89,0.32,0,0,0,14.08,0,1.74,0,0,0,0,0,0,0.75,0.79,0,0.62,0,0,0,0,0,0,0,0,0,0.2
2011-11,21.95,0,0,0,0,3.04,0,0,0,0,0,52.73,0.43,0,0,0,15.68,0,1.52,0,0,0,0,0,0,0.8,2.9,0,0.7,0,0,0,0,0,0,0,0,0,0.25
2011-12,17.77,0,0,0,0,4.41,0,0,0,0,0,59.99,0.51,0,0,0,10.64,0,2.04,0,0,0,0,0,0,0.91,2.92,0,0.66,0,0,0,0,0,0,0,0,0,0.15
2012-01,19.04,0,0,0,0,4.82,0,0,0,0,0,58.71,0.4,0,0,0,10.73,0,1.98,0,0,0,0,0,0,0.95,2.63,0,0.6,0,0,0,0,0,0,0,0,0,0.15
2012-02,20.2,0,0,0,0,5.1,0,0,0,0,0,55.61,0.23,0,0,0,12.27,0,2,0,0,0,0,0,0,1.01,2.86,0,0.57,0,0,0,0,0,0,0,0,0,0.14
2012-03,22.56,0.64,23.41,0,0,4.16,0,0,0,0,0,26.88,0.3,0,0,0,15.27,0,1.83,0,0,0,0,0,0,1.11,3.18,0,0.52,0,0,0,0,0,0,0,0,0,0.14
2012-04,14.22,2.35,51.88,0,0,3.51,0,0,0,0,0,14.84,0.39,0,0,0.27,8.61,0,1.05,0,0,0,0,0,0,0.66,1.82,0,0.33,0,0,0,0,0,0,0,0,0,0.07
2012-05,11.23,2.35,54.77,0,0,5.82,0,0,0,0,0,12.11,0.41,0,0,2.05,7.84,0,0.86,0,0,0,0,0,0,0.56,1.55,0,0.27,0,0,0,0.04,0,0,0,0,0,0.16
2012-06,15.98,3.67,34.06,1.8,0,8.8,0,0,0,0,0,14.74,0.68,0,1.2,2.62,11.69,0,1.36,0,0,0,0,0,0,0.76,2.04,0,0.31,0,0,0,0.05,0,0,0,0,0,0.23
2012-07,20.86,4.27,29.28,3.23,0,9.52,0,0,0,0,0,11.75,0.65,0,2.7,2.68,10.47,0,1.44,0,0,0,0,0,0,0.84,1.89,0,0.19,0,0,0,0.04,0,0,0,0,0,0.22
2012-08,15.22,4.86,33.21,3.09,0,10.49,0,0,0,0,0,10.84,0.62,0,3.26,3.32,10.3,0,1.59,0,0,0,0,0,0,0.83,1.97,0,0.16,0,0,0,0.03,0,0,0,0,0,0.21
2012-09,12.73,5.45,34.89,2.67,0,10.2,0,0,0,0,0,11.5,0.55,0,3.92,3.98,9.28,0,1.51,0,0,0,0,0,0,0.94,2.03,0,0.14,0,0,0,0.04,0,0,0,0,0,0.18
2012-10,12.34,5.85,35.82,2.65,0,10.62,0,0,0,0,0,10.42,0.56,0,4.28,3.96,8.86,0,1.41,0,0,0,0,0,0,0.91,1.98,0,0.14,0,0,0,0.03,0,0,0,0,0,0.16
2012-11,14.1,6.18,35.34,3.07,0,11.35,0,0,0,0,0,8.47,0.63,0,4.28,3.47,8.52,0,1.46,0,0,0,0,0,0,0.8,1.97,0,0.15,0,0,0,0.04,0,0,0,0,0,0.17
2012-12,15.56,7.57,34.07,3.46,0,12.42,0,0,0,0,0,4.24,0.64,0,5.11,3.78,8.79,0,1.32,0,0,0,0,0,0,0.79,1.95,0,0.12,0,0,0,0.04,0,0,0,0,0,0.17
2013-01,8.64,7.1,43.7,2.4,0,12.61,0,0,0,0,0,1.6,0.44,0,6.28,5.17,8.38,0,1.04,0,0,0,0,0,0,0.89,1.53,0.01,0.04,0,0,0,0.03,0,0,0,0,0,0.13
2013-02,16.38,6.37,33.33,3.34,0,14.15,0,0,0,0,0,6.55,0.46,0,4.07,3.25,6.96,0,1.7,0,0,0,0,0,0,0.84,1.6,0.71,0.11,0,0,0,0.03,0,0,0,0,0,0.15
2013-03,14.76,6.48,31.79,4,0.09,15.37,0.24,0,0,0.03,0,6.32,0.49,0,4.16,3.57,6.69,0,2.4,0,0,0,0,0,0,0.96,1.52,0.78,0.11,0,0,0,0.03,0,0,0,0,0,0.21
2013-04,15.75,6.51,30.02,4.39,0.15,15.9,0.31,0,0,0.06,0,5.72,0.54,0.72,3.86,3.45,6.58,0,2.35,0,0,0,0,0,0,0.92,1.66,0.75,0.12,0,0,0,0.03,0,0,0,0,0,0.21
2013-05,16.2,6.45,29.97,4.09,0.21,15.67,0.3,0,0,0.07,0,5.05,0.77,1.56,3.99,3.5,6.22,0,2.26,0,0,0,0,0,0,0.88,1.62,0.81,0.12,0,0,0,0.02,0,0,0,0,0,0.23
2013-06,17.74,6.75,29.37,4.08,0.25,15.77,0.31,0,0,0.08,0,3.81,0.6,1.76,4.36,3.51,6.06,0,2.02,0,0,0,0,0,0,0.79,1.49,0.9,0.12,0,0,0,0.02,0,0,0,0,0,0.22
2013-07,18.51,7.29,29.36,3.68,0.36,15.02,0.36,0,0,0.07,0,3.73,0.58,2.17,4.95,3.6,5.35,0,1.41,0,0,0,0,0,0,0.83,1.21,1.11,0.11,0,0,0,0.03,0,0,0,0,0,0.27
2013-08,14.18,7.28,34.57,3.17,0.32,13.74,0.29,0,0,0.08,0,4.91,0.49,2.22,5.43,3.52,5.14,0,1.14,0,0,0,0,0,0,0.76,1.15,1.2,0.11,0,0,0,0.03,0,0,0,0,0,0.28
2013-09,17.63,7.14,31.65,3.45,0.27,14.46,0.24,0,0,0.07,0,5.71,0.56,1.91,4.41,3.02,5.04,0,1.18,0,0,0,0,0,0,0.82,1.07,0.87,0.14,0,0,0,0.04,0,0,0,0,0,0.31
2013-10,20.68,7.09,29.4,3.46,0.23,14.97,0.2,0,0,0.04,0,5.51,0.63,1.71,3.88,2.78,5.15,0,1.13,0,0,0,0,0,0,0.88,1.03,0.69,0.17,0,0,0,0.03,0,0,0,0,0,0.33
2013-11,20.9,7.16,22.2,6.03,0.38,18.69,0.28,0,0,0.3,0.71,5.23,0.6,1.76,3.74,2.65,4.8,0,1.17,0,0,0.04,0,0,0,0.83,0.94,0.75,0.18,0,0,0,0.16,0,0,0.05,0,0,0.45
2013-12,21.01,7.32,22,6.45,0.38,18.97,0.3,0,0,0.32,0.88,4.75,0.54,1.83,3.76,2.58,4.64,0,1.15,0,0,0.05,0,0,0,0.78,0.88,0.63,0.16,0,0,0,0.17,0,0,0.05,0,0,0.4
2014-01,22.44,7.6,21.14,6.51,0.39,18.82,0.33,0,0,0.33,0.8,4.11,0.54,2.08,3.88,2.57,4.32,0,1.22,0,0,0.04,0,0,0,0.76,0.77,0.61,0.15,0,0,0,0.19,0,0,0.05,0,0,0.36
2014-02,23.52,7.64,20.13,6.36,0.35,19.74,0.35,0,0,0.34,0.87,3.27,0.65,2.24,3.83,2.49,3.89,0,1.41,0,0,0.04,0,0,0,0.73,0.74,0.66,0.13,0,0,0,0.24,0,0,0.06,0,0,0.32
2014-03,23.45,8.03,21.04,6.26,0.39,20.13,0.38,0,0,0.36,0.8,2.14,0.65,2.38,3.93,2.32,3.75,0,1.32,0,0,0.03,0,0,0,0.68,0.7,0.61,0.11,0,0,0,0.26,0,0,0.05,0,0,0.23
2014-04,23.36,8.18,20.15,7.26,0.47,19.78,0.54,0,0,0.34,0.82,2.1,0.63,2.45,3.96,2.2,3.59,0,1.51,0,0,0.05,0,0,0,0.64,0.66,0.61,0.1,0,0,0,0.27,0,0,0.07,0,0,0.25
2014-05,24.53,8.02,19.42,7.54,0.61,19.75,0.69,0,0,0.27,0.82,1.95,0.63,2.71,3.51,2.18,3.43,0,1.55,0,0,0.05,0,0,0,0.62,0.56,0.54,0.09,0,0,0,0.25,0,0,0.06,0,0,0.23
2014-06,23.6,8.34,21.34,7.51,0.68,18.91,0.74,0,0,0.26,0.72,1.78,0.49,3.08,3.54,2.27,3.2,0,1.32,0,0,0.06,0,0,0,0.56,0.47,0.53,0.09,0,0,0,0.23,0,0,0.06,0,0,0.2
2014-07,22.65,8.52,22.76,7.95,0.74,18.44,0.75,0,0,0.22,0.69,1.59,0.46,3.36,3.54,2.12,2.96,0,1.2,0,0,0.05,0,0,0,0.49,0.41,0.56,0.06,0,0,0,0.24,0.01,0,0.06,0,0,0.17
2014-08,21.81,8.66,23.94,8.73,0.71,17.79,0.85,0,0,0.19,0.73,1.44,0.44,3.51,3.31,2.02,2.75,0,1.11,0,0,0.05,0,0,0,0.46,0.38,0.56,0.06,0,0,0,0.26,0.03,0,0.06,0,0,0.17
2014-09,22.35,8.86,20.42,10.63,1.39,17.76,1.1,0,0,0.18,1.33,1.56,0.43,3.34,2.82,1.91,2.7,0.1,1.18,0,0,0.04,0,0,0,0.5,0.34,0.47,0.07,0,0,0,0.19,0.04,0,0.04,0,0,0.21
2014-10,21.3,8.95,18.33,13.34,1.69,17.44,1.62,0,0,0.17,1.61,1.4,0.55,3.46,2.78,1.85,2.51,0.11,1.08,0,0,0.05,0,0,0,0.51,0.3,0.45,0.06,0,0,0,0.18,0.04,0,0.04,0,0,0.18
2014-11,20.69,9.44,17.94,14.08,2.13,16.53,2.11,0,0,0.15,1.53,1.21,0.6,3.61,2.81,1.84,2.32,0.12,1.05,0,0,0.14,0,0,0,0.46,0.26,0.46,0.06,0.02,0,0,0.18,0.04,0,0.05,0,0,0.15
2014-12,20.87,9.58,13.11,15.67,2.8,17.93,2.66,0,0,0.13,1.7,1.15,0.82,3.53,2.91,1.89,2.22,0.13,1.06,0,0,0.16,0,0,0,0.43,0.25,0.44,0.06,0.1,0,0,0.15,0.04,0,0.04,0,0,0.19
2015-01,21.81,9.72,11.33,15.96,3.04,18.1,2.9,0,0,0.13,1.98,1.18,0.46,3.53,2.78,1.9,2.12,0.14,1.05,0,0,0.18,0,0,0,0.41,0.25,0.42,0.05,0.1,0,0,0.16,0.04,0,0.04,0,0,0.24
2015-02,22.72,9.62,11.81,16.14,3.12,16.98,2.79,0,0,0.14,2.11,1.02,0.42,3.63,2.66,1.86,2.01,0.13,1.01,0,0,0.18,0,0,0,0.39,0.21,0.43,0.04,0.09,0,0,0.16,0.04,0,0.04,0,0,0.25
2015-03,23.69,9.6,12.4,15.58,3.42,15.93,2.98,0,0,0.12,2.26,0.99,0.62,3.6,2.51,1.67,1.87,0.14,0.9,0,0,0.19,0,0,0,0.35,0.18,0.39,0.05,0.1,0,0,0.14,0.04,0,0.04,0,0,0.25
2015-04,25.13,9.47,13.36,14.59,3.56,14.99,3.1,0,0,0.11,2.32,0.92,0.68,3.54,2.46,1.52,1.66,0.12,0.85,0,0,0.21,0,0,0,0.32,0.16,0.35,0.05,0.11,0,0,0.13,0.04,0,0.04,0,0,0.23
2015-05,24.11,9.57,15.53,14.45,3.95,13.75,3.51,0,0,0.09,2.15,0.81,0.43,3.74,2.49,1.49,1.54,0.11,0.72,0,0,0.24,0,0,0,0.26,0.14,0.39,0.04,0.11,0,0,0.13,0.03,0,0.04,0,0,0.22
2015-06,25.5,9.59,15.89,14.22,3.62,13.1,3.29,0,0,0.09,2.43,0.89,0.19,3.63,2.33,1.4,1.48,0.12,0.75,0,0,0.21,0,0,0,0.26,0.15,0.36,0.03,0.08,0,0,0.13,0.04,0,0.03,0,0,0.2
2015-07,24.92,9.33,18.82,14.04,3.64,11.6,3.46,0,0,0.07,2.15,0.77,0.18,3.78,2.45,1.31,1.32,0.11,0.6,0,0,0.2,0,0,0,0.24,0.11,0.36,0.05,0.08,0,0,0.14,0.03,0,0.04,0,0,0.19
2015-08,25.29,9.67,16.47,14.92,4.66,10.41,4.39,0,0,0.07,2.52,0.63,0.16,3.72,2.38,1.22,1.2,0.1,0.54,0,0,0.33,0,0,0.12,0.21,0.11,0.34,0.03,0.09,0,0,0.15,0.03,0,0.04,0,0,0.19
2015-09,25.24,10.97,12.3,15.43,5.35,11.57,4.98,0,0,0.06,2.91,0.6,0.19,3.33,2.21,1.2,1.25,0.1,0.59,0,0,0.48,0,0,0.2,0.22,0.1,0.27,0.04,0.08,0,0,0.09,0.03,0,0.03,0,0,0.18
2015-10,23.84,11.51,12.59,15.3,5.55,11.89,5.08,0.04,0,0.06,2.75,0.6,0.2,3.4,2.25,1.17,1.24,0.09,0.54,0,0,0.53,0,0,0.25,0.2,0.09,0.26,0.05,0.14,0,0,0.1,0.03,0,0.03,0,0,0.2
2015-11,24.91,11.67,12.96,14.52,5.32,11.68,4.84,0.06,0,0.05,2.84,0.61,0.26,3.21,2.11,1.14,1.22,0.1,0.57,0,0,0.52,0,0,0.28,0.21,0.09,0.24,0.08,0.18,0,0,0.08,0.03,0,0.03,0,0,0.2
2015-12,23.76,11.79,13.78,14.21,5.34,11.72,5.08,0.07,0,0.05,2.79,0.75,0.39,3.03,2.06,1.17,1.19,0.1,0.56,0,0,0.51,0,0,0.37,0.24,0.1,0.2,0.25,0.19,0,0,0.08,0.05,0,0.03,0,0,0.16
2016-01,23.14,12.1,14.92,13.77,5.4,11.18,5.04,0.07,0,0.05,2.78,0.81,0.46,2.97,1.96,1.22,1.19,0.1,0.55,0,0,0.52,0,0,0.42,0.27,0.09,0.19,0.31,0.21,0,0,0.08,0.05,0,0.03,0,0,0.15
2016-02,23.75,12.09,16.18,13.3,5.3,10.36,4.97,0.07,0,0.05,2.76,0.72,0.43,2.82,1.87,1.31,1.1,0.1,0.49,0,0,0.54,0,0,0.49,0.24,0.09,0.19,0.28,0.23,0,0,0.07,0.04,0,0.03,0,0,0.14
2016-03,21.98,13.01,17.9,13.21,5.51,10.31,5.14,0.07,0,0.04,2.78,0.44,0.19,2.78,1.8,1.38,0.98,0.07,0.34,0,0,0.58,0,0,0.54,0.17,0.08,0.17,0.04,0.23,0,0,0.06,0.03,0,0.03,0,0,0.13
2016-04,21.77,12.9,18.67,12.54,5.12,9.77,5,0.07,0,0.04,2.82,0.76,0.52,2.61,1.78,1.31,1.12,0.09,0.5,0,0,0.59,0,0,0.6,0.27,0.07,0.14,0.42,0.23,0,0,0.07,0.05,0,0.03,0,0,0.13
2016-05,22.43,12.98,19.27,11.69,4.85,9.53,4.74,0.07,0,0.03,2.73,0.97,0.75,2.34,1.7,1.2,1.17,0.12,0.6,0,0,0.52,0,0,0.6,0.35,0.07,0.12,0.66,0.23,0,0,0.05,0.08,0,0.03,0,0,0.12
2016-06,21.08,13.41,22.05,11.38,4.85,9.02,4.86,0.07,0,0.03,2.76,0.67,0.48,2.37,1.69,1.21,0.98,0.09,0.43,0,0,0.59,0,0,0.68,0.25,0.07,0.13,0.36,0.25,0,0,0.06,0.05,0,0.03,0,0,0.11
2016-07,19.89,13.88,25.14,10.78,4.72,8.26,4.91,0.07,0,0.03,2.7,0.47,0.32,2.37,1.6,1.2,0.9,0.07,0.32,0,0,0.6,0,0,0.74,0.19,0.06,0.12,0.18,0.25,0,0,0.06,0.03,0,0.04,0,0,0.11
2016-08,21.37,14.84,26.08,10.2,4.17,8.18,4.44,0.07,0,0.03,2.59,0.27,0.16,2.11,1.46,1.2,0.71,0.06,0.23,0,0,0.48,0,0,0.65,0.12,0.07,0.11,0.03,0.21,0,0,0.05,0.02,0,0.03,0,0,0.09
2016-09,24.05,14.81,26.68,9.27,3.63,7.93,3.83,0.06,0,0.02,2.47,0.24,0.12,1.82,1.32,1.13,0.68,0.06,0.21,0,0,0.43,0,0,0.58,0.12,0.07,0.09,0.03,0.2,0,0,0.03,0.02,0,0.03,0,0,0.09
2016-10,24.07,15.05,26.67,10.26,3.34,7.33,4.02,0.06,0,0.01,2.4,0.21,0.13,1.67,1.24,1.06,0.68,0.05,0.2,0,0,0.37,0,0,0.55,0.13,0.06,0.08,0.04,0.17,0,0,0.03,0.02,0,0.03,0,0,0.07
2016-11,24.06,14.52,23.67,11.8,3.29,7.42,4.99,0.05,0,0.01,2.56,0.39,0.35,1.5,1.21,1.01,0.73,0.11,0.33,0,0.19,0.34,0,0,0.52,0.22,0.06,0.08,0.23,0.15,0,0,0.04,0.04,0,0.03,0,0,0.08
2016-12,27.21,14.6,19.22,11.51,5.08,7,5.95,0.04,0,0.01,2.62,0.18,0.18,1.35,1.1,0.97,0.53,0.13,0.21,0,0.65,0.31,0,0,0.46,0.1,0.05,0.07,0.01,0.14,0,0.16,0.02,0.03,0,0.03,0,0,0.08
2017-01,25.23,15.8,14.74,11.73,7.74,7.42,7.57,0.04,0.08,0.01,2.69,0.16,0.18,1.25,1.06,0.95,0.53,0.16,0.21,0,0.89,0.43,0,0,0.44,0.09,0.05,0.07,0.01,0.14,0,0.17,0.02,0.02,0,0.03,0,0,0.08
2017-02,24.73,16.89,11.35,11.61,8.99,7.24,7.76,0.04,1.9,0.01,2.68,0.15,0.12,1.12,0.96,0.92,0.46,0.19,0.18,0,0.92,0.52,0,0.05,0.51,0.1,0.05,0.07,0.01,0.12,0.09,0.15,0.02,0.02,0,0.03,0,0,0.08
2017-03,26.89,16.95,10.63,10.82,9.15,6.66,7.38,0.03,2.05,0.01,2.82,0.14,0.11,1.04,0.91,0.99,0.41,0.2,0.16,0,0.87,0.49,0,0.06,0.49,0.1,0.07,0.06,0.01,0.11,0.09,0.15,0.02,0.02,0,0.02,0,0,0.1
2017-04,43.69,12.98,8.12,8.23,7.15,5.14,5.74,0.02,1.77,0.01,2.18,0.1,0.07,0.75,0.66,0.77,0.29,0.15,0.13,0,0.68,0.35,0,0.04,0.36,0.07,0.06,0.05,0.01,0.08,0.07,0.12,0.01,0.01,0,0.02,0,0,0.08
2017-05,28.19,17.11,9.5,10.39,9.46,6.43,7.38,0.03,2.56,0.01,2.67,0.13,0.1,0.92,0.8,0.98,0.35,0.2,0.16,0,0.86,0.5,0,0.04,0.45,0.1,0.08,0.05,0.04,0.1,0.09,0.15,0.02,0.02,0,0.02,0,0,0.1
2017-06,21.49,19.13,10.21,11.02,10.63,6.44,8.12,0.03,3.1,0.01,3.04,0.13,0.09,0.96,0.89,1.06,0.38,0.23,0.18,0,0.93,0.59,0,0.04,0.47,0.11,0.09,0.06,0.03,0.1,0.09,0.17,0.02,0.02,0,0.03,0,0,0.13
2017-07,20.71,19.29,10.48,10.85,11.09,6.03,8.35,0.03,3.58,0.01,2.94,0.11,0.11,0.94,0.85,1.01,0.37,0.22,0.18,0,0.89,0.58,0,0.04,0.48,0.1,0.11,0.05,0.04,0.1,0.08,0.16,0.02,0.02,0,0.03,0,0,0.14
2017-08,20.86,19.28,10.92,10.4,11.93,5.93,7.86,0.03,3.92,0.01,2.64,0.13,0.12,0.83,0.75,0.93,0.33,0.21,0.16,0,0.85,0.54,0,0.03,0.48,0.1,0.12,0.05,0.04,0.09,0.08,0.15,0.02,0.02,0,0.03,0,0,0.15
2017-09,21.98,19.6,10.47,10,12.32,5.77,7.32,0.02,4.28,0.01,2.46,0.12,0.11,0.68,0.65,0.89,0.3,0.24,0.16,0,0.84,0.47,0,0.05,0.43,0.1,0.15,0.04,0.03,0.07,0.08,0.14,0.02,0.02,0,0.03,0,0,0.15
2017-10,20.61,19.85,10.36,9.67,13.62,5.82,7.18,0.02,4.8,0.02,2.29,0.16,0.11,0.75,0.62,0.82,0.29,0.31,0.16,0,0.72,0.48,0,0.1,0.45,0.1,0.13,0.03,0.04,0.07,0.07,0.13,0.02,0.02,0,0.03,0,0,0.13
2017-11,19.86,20.37,10.49,9.89,13.62,5.72,6.98,0.02,5.23,0.02,2.21,0.17,0.09,0.72,0.6,0.81,0.28,0.32,0.14,0,0.71,0.45,0,0.13,0.36,0.1,0.14,0.03,0.03,0.08,0.06,0.12,0.02,0.02,0,0.03,0,0.05,0.14
2017-12,19.64,20.65,10.59,9.92,13.35,5.22,7.12,0.02,5.78,0.02,2.24,0.15,0.11,0.57,0.58,0.78,0.27,0.32,0.15,0,0.75,0.44,0,0.16,0.34,0.09,0.13,0.03,0.03,0.08,0.07,0.12,0.02,0.03,0.01,0.03,0,0.08,0.12
2018-01,19.27,20.69,10.87,9.44,14.17,5.12,6.9,0.02,6.06,0.02,2.03,0.14,0.12,0.66,0.56,0.79,0.22,0.32,0.14,0,0.75,0.4,0,0.17,0.3,0.09,0.14,0.03,0.03,0.07,0.06,0.11,0.02,0.02,0.03,0.03,0,0.08,0.13
2018-02,20.04,20.57,11.06,9.55,13.44,4.96,6.41,0.02,6.07,0.02,1.97,0.13,0.13,0.94,0.51,0.86,0.23,0.32,0.14,0,0.94,0.36,0,0.19,0.3,0.09,0.14,0.02,0.04,0.06,0.06,0.1,0.02,0.02,0.08,0.02,0,0.07,0.12
2018-03,21.29,20.01,11.44,9.26,12.48,5.11,6.5,0.02,6.86,0.02,1.83,0.14,0.13,0.46,0.45,0.77,0.21,0.34,0.15,0,0.75,0.36,0,0.2,0.28,0.11,0.18,0.02,0.06,0.05,0.06,0.1,0.02,0.03,0.1,0.02,0,0.07,0.12
2018-04,22.13,20.21,10.27,9.8,12.58,4.67,6.27,0.01,7.16,0.03,1.87,0.13,0.12,0.38,0.38,0.73,0.2,0.4,0.13,0.08,0.75,0.35,0,0.27,0.25,0.08,0.14,0.02,0.03,0.05,0.06,0.09,0.01,0.02,0.1,0.02,0,0.07,0.1
2018-05,22.78,21.08,8.57,9.71,13.39,4.45,6.07,0.01,7.61,0.03,1.77,0.13,0.09,0.31,0.37,0.62,0.18,0.43,0.12,0.12,0.52,0.32,0,0.3,0.23,0.07,0.15,0.02,0.02,0.04,0.1,0.08,0.01,0.02,0.11,0.01,0,0.06,0.1
2018-06,21.96,22.18,7.96,9.62,13.07,4.36,5.76,0.01,7.56,0.03,1.79,0.14,0.09,0.5,0.41,0.62,0.17,0.44,0.12,0.12,0.48,0.29,0,0.3,0.21,0.08,0.17,0.02,0.03,0.04,1.11,0.07,0.01,0.02,0.11,0.01,0,0.07,0.11
2018-07,21.3,21.92,9.2,9.72,12.98,4.13,5.72,0.01,8.55,0.03,1.71,0.15,0.09,0.38,0.36,0.6,0.17,0.42,0.12,0.12,0.47,0.31,0,0.28,0.22,0.09,0.17,0.01,0.03,0.04,0.29,0.07,0.02,0.01,0.11,0.02,0,0.06,0.11
2018-08,21.3,21.83,9.54,10.32,12.66,4.09,5.31,0.01,8.89,0.03,1.71,0.16,0.14,0.27,0.36,0.57,0.17,0.49,0.13,0.12,0.46,0.27,0,0.31,0.18,0.09,0.08,0.01,0.04,0.03,0.04,0.07,0.02,0.02,0.12,0.01,0,0.07,0.06
2018-09,24.09,22.87,7.15,11.96,11.24,4.23,4.53,0.01,8.2,0.02,1.52,0.16,0.21,0.19,0.34,0.5,0.15,0.73,0.17,0.09,0.43,0.22,0,0.34,0.12,0.08,0.03,0.01,0.03,0.02,0.04,0.06,0.01,0.02,0.09,0.01,0,0.06,0.06
2018-10,24.64,23.21,7.43,11.28,11.08,3.88,4.27,0.01,8.05,0.03,1.47,0.16,1,0.16,0.31,0.43,0.15,0.72,0.14,0.09,0.4,0.19,0,0.33,0.11,0.07,0.02,0.01,0.03,0.02,0.06,0.06,0.01,0.02,0.08,0.01,0,0.05,0.05
2018-11,24.98,22.5,7.81,10.61,11.41,3.6,4.24,0.01,8.46,0.02,1.33,0.17,1.46,0.17,0.28,0.45,0.13,0.65,0.12,0.09,0.37,0.19,0,0.31,0.11,0.07,0.1,0.01,0.03,0.02,0.03,0.05,0.01,0.01,0.09,0.01,0,0.05,0.05
2018-12,25.08,22.44,8.54,9.95,11.41,3.52,4.18,0,8.33,0.01,1.22,0.18,0.16,0.16,0.28,0.42,0.17,0.67,0.12,0.08,0.36,0.18,0,0.29,0.13,0.07,1.69,0.01,0.02,0.02,0.03,0.05,0.01,0.02,0.09,0.01,0,0.05,0.05
2019-01,24.79,23.02,9.12,11.09,11.04,3.49,3.74,0.01,7.58,0.02,1.12,0.16,0.17,0.29,0.32,0.55,0.32,0.68,0.14,0.08,0.32,0.19,0,0.28,0.13,0.06,0.93,0.01,0.02,0.02,0.02,0.04,0.01,0.02,0.09,0.01,0,0.03,0.07
2019-02,26.18,22.42,10.05,9.97,10.94,3.08,3.81,0.01,8.13,0.02,1.06,0.16,0.38,0.14,0.26,0.38,0.32,0.76,0.14,0.08,0.28,0.15,0,0.27,0.11,0.06,0.51,0.01,0.02,0.02,0.02,0.03,0.01,0.02,0.09,0.01,0,0.04,0.06
2019-03,25.75,23.37,10.21,10.03,10.48,3.18,4.16,0.01,7.85,0.02,1.03,0.19,0.38,0.12,0.24,0.32,0.25,0.96,0.14,0.09,0.26,0.14,0,0.29,0.09,0.07,0.06,0.01,0.02,0.02,0.02,0.03,0.01,0.02,0.08,0.01,0,0.03,0.06
2019-04,24.22,23.87,11.22,10.17,10.21,2.97,4.35,0,8.26,0.02,1.03,0.19,0.36,0.11,0.25,0.34,0.28,0.74,0.13,0.09,0.25,0.16,0,0.27,0.09,0.06,0.07,0.01,0.02,0.01,0.02,0.03,0,0.02,0.08,0.01,0,0.03,0.06
2019-05,25.02,23.43,11.22,10.29,9.56,2.8,4.1,0,7.8,0.01,0.99,0.19,1.51,0.11,0.25,0.31,0.29,0.8,0.13,0.08,0.23,0.11,0,0.25,0.08,0.05,0.07,0.01,0.05,0.02,0.02,0.03,0,0.02,0.07,0,0,0.03,0.06
2019-06,22.91,24.11,11.66,10.86,9.42,2.83,4.21,0,8.52,0.01,0.83,0.18,1.66,0.08,0.21,0.27,0.3,0.81,0.12,0.07,0.2,0.07,0,0.22,0.07,0.05,0.07,0,0.01,0.01,0.01,0.03,0,0.01,0.07,0,0,0.03,0.06
2019-07,20.87,23.48,13.01,10.34,8.6,2.62,4.47,0,9.38,2.65,0.69,0.14,1.41,0.06,0.18,0.22,0.12,0.67,0.06,0.06,0.19,0.06,0,0.41,0.07,0.03,0.02,0,0.01,0.01,0.01,0.02,0,0.01,0.07,0,0,0.02,0.03
2019-08,19.88,24.02,8.95,10.97,10.77,2.49,3.45,1.99,6.57,6.01,0.86,0.17,1.05,0.06,0.18,0.24,0.12,0.76,0.08,0.06,0.19,0.06,0.02,0.71,0.08,0.03,0.02,0,0.01,0.01,0.01,0.02,0,0.01,0.06,0.01,0,0.02,0.04
2019-09,19.91,21.49,11.1,7.97,10.51,2.18,3.34,2.25,6.47,10.3,0.65,0.19,0.98,0.03,0.15,0.16,0.1,0.6,0.06,0.05,0.12,0.05,0.06,1.03,0.04,0.03,0.01,0,0,0,0.01,0.02,0,0.01,0.06,0,0,0.01,0.03
2019-10,21.36,11.63,5.94,4.34,5.2,12.84,1.67,1.3,3.41,6.47,0.34,0.06,24.01,0.02,0.08,0.09,0.05,0.35,0.03,0.03,0.06,0.02,0.04,0.56,0.02,0.01,0.01,0,0,0,0,0.01,0,0,0.03,0,0,0.01,0.01
2019-11,15.95,21.47,12.78,7.87,7.82,2.14,2.71,2.44,5.69,16.25,0.56,0.11,0.74,0.03,0.17,0.17,0.11,0.72,0.07,0.14,0.11,0.04,0.09,1.6,0.04,0.03,0.01,0,0.01,0.01,0.02,0.01,0,0.01,0.04,0,0,0.01,0.04
2019-12,15.93,22.85,12.56,7.73,7.75,2.16,2.52,2.44,5.12,16.45,0.59,0.13,0.56,0.03,0.18,0.17,0.13,0.73,0.07,0.15,0.11,0.03,0.1,1.26,0.04,0.03,0.01,0.01,0.01,0.01,0.01,0.01,0,0.01,0.04,0,0,0.01,0.04
2020-01,15.57,24.08,12.8,8.66,7.99,2.12,2.31,2.49,4.63,15.08,0.63,0.12,0.17,0.04,0.17,0.17,0.12,0.88,0.06,0.18,0.11,0.03,0.14,1.19,0.04,0.03,0.02,0,0,0.01,0.01,0.01,0,0.01,0.04,0,0,0.01,0.05
2020-02,16.37,26.52,11.14,9.39,8.96,2.21,2.51,2.98,5.04,10.76,0.62,0.12,0.18,0.03,0.18,0.19,0.11,0.9,0.07,0.23,0.11,0.03,0.2,0.95,0.04,0.03,0.01,0,0,0.01,0.01,0.01,0,0.01,0.04,0,0,0.01,0.03
2020-03,17.83,27.78,10.57,8.91,8.8,2.29,2.38,3.14,4.9,9.35,0.59,0.12,0.26,0.03,0.17,0.19,0.11,0.86,0.06,0.22,0.1,0.03,0.21,0.9,0.03,0.03,0.01,0,0,0.01,0,0.01,0,0.02,0.04,0,0,0.01,0.02
2020-04,19.44,27.56,10.66,8.97,8.52,2.38,2.31,3.2,4.73,8.23,0.6,0.12,0.16,0.03,0.17,0.18,0.13,0.89,0.08,0.22,0.09,0.03,0.21,0.84,0.03,0.04,0.02,0,0.01,0.01,0.01,0.01,0,0.03,0.04,0,0,0.01,0.02
2020-05,19.76,28.38,10.19,8.86,8.24,2.44,2.24,3.15,4.58,8.12,0.54,0.11,0.15,0.05,0.17,0.18,0.19,0.86,0.09,0.22,0.08,0.03,0.21,0.74,0.03,0.03,0.01,0,0,0.01,0.25,0.01,0,0.03,0.04,0.01,0,0.01,0.02
2020-06,20.68,29.58,9.96,8.5,7.27,2.7,2.06,3.07,4.41,7.91,0.51,0.11,0.14,0.02,0.16,0.16,0.28,0.92,0.26,0.21,0.06,0.02,0.21,0.65,0.02,0.04,0.01,0,0,0,0,0.01,0,0.03,0.04,0,0,0.01,0.02
2020-07,20.36,29.45,10.28,8.16,7.24,2.98,2.02,3.1,4.45,7.92,0.49,0.15,0.14,0.03,0.14,0.16,0.25,0.84,0.31,0.21,0.07,0.02,0.21,0.5,0.02,0.08,0.02,0,0.01,0,0.26,0.01,0,0.05,0.04,0,0,0,0.02
2020-08,18.55,31.33,10.69,8.44,7.26,2.73,1.98,3.12,4.34,7.91,0.49,0.11,0.2,0.02,0.14,0.16,0.16,0.84,0.19,0.22,0.06,0.02,0.23,0.56,0.02,0.05,0.01,0,0.01,0,0.05,0.01,0,0.03,0.04,0,0,0,0.02
2020-09,18.28,32.28,11.76,9.27,6.57,2.5,1.8,2.95,3.87,6.94,0.4,0.12,0.43,0.02,0.16,0.14,0.14,0.92,0.16,0.23,0.06,0.01,0.21,0.52,0.02,0.04,0.02,0,0.01,0,0.07,0,0,0.03,0.03,0,0,0,0.03
2020-10,18.68,34.94,10.51,9.86,6.62,2.44,1.82,2.93,2.72,5.88,0.4,0.11,0.42,0.02,0.16,0.14,0.13,0.99,0.09,0.2,0.06,0.02,0.22,0.44,0.02,0.04,0.01,0,0,0,0.02,0,0,0.03,0.02,0,0,0,0.03
2020-11,18.61,36.72,12.03,10.06,6.93,2.77,1.69,3.19,0,4.22,0.41,0.15,0.58,0.02,0.17,0.13,0.1,1,0.11,0.22,0.06,0.02,0.21,0.42,0.02,0.04,0.02,0,0,0,0.02,0,0,0.03,0,0.01,0,0,0.03
2020-12,18.38,39.15,10.63,9.53,7.14,2.6,1.56,5.62,0,1.84,0.38,0.1,0.6,0.02,0.15,0.14,0.14,0.94,0.1,0.21,0.06,0.02,0.23,0.31,0.01,0.03,0.03,0,0,0,0.01,0,0,0.03,0,0,0,0,0.03
2021-01,20.46,39.42,10.45,8.83,6.98,2.32,1.61,5.89,0,0.72,0.38,0.09,0.4,0.01,0.16,0.14,0.12,1.04,0.08,0.21,0.06,0.01,0.24,0.24,0.01,0.03,0.02,0,0,0,0,0,0,0.03,0,0,0,0,0.02
2021-02,20.37,39.38,11.37,8.88,6.88,2.03,1.57,5.93,0,0.52,0.34,0.08,0.24,0.01,0.15,0.13,0.08,1.04,0.07,0.19,0.06,0.04,0.24,0.2,0.01,0.04,0.02,0,0.05,0,0,0.01,0,0.03,0,0,0,0.01,0.02
2021-03,22.34,39.12,11.6,8.23,6.24,2.08,1.42,5.57,0,0.47,0.31,0.08,0.21,0.01,0.15,0.11,0.09,0.99,0.07,0.19,0.06,0.02,0.23,0.2,0.01,0.03,0.03,0,0.06,0,0.01,0.01,0,0.03,0,0,0,0,0.02
2021-04,21.87,38.41,12.59,7.86,6.47,2.19,1.42,5.52,0,0.49,0.28,0.09,0.55,0.02,0.14,0.12,0.11,0.94,0.07,0.19,0.05,0.01,0.22,0.17,0.01,0.04,0.03,0,0.06,0,0.01,0,0,0.03,0,0,0,0,0.03
2021-05,20.45,35.42,19.55,7.07,5.71,2.11,1.27,5.14,0,0.32,0.26,0.08,0.57,0.01,0.13,0.11,0.09,0.88,0.09,0.17,0.04,0.01,0.19,0.15,0.01,0.03,0.02,0,0.06,0,0.01,0,0,0.03,0,0,0,0,0.01
2021-06,21.95,37.26,14.99,7.41,6.18,2,1.37,5.64,0,0.2,0.26,0.07,0.55,0.01,0.15,0.12,0.08,0.96,0.09,0.17,0.05,0.01,0.2,0.15,0.01,0.03,0.01,0,0,0,0,0,0,0.03,0,0,0,0,0.01
2021-07,20.84,38.14,15.05,7.11,6.4,1.97,1.32,6.03,0,0.25,0.24,0.08,0.53,0.01,0.15,0.11,0.06,0.92,0.08,0.17,0.05,0.01,0.22,0.16,0.01,0.03,0.01,0,0,0,0,0,0,0.04,0,0,0,0,0.01
2021-08,20.68,37.37,13.77,8.14,6.45,1.92,1.2,6.64,0,0.18,0.21,0.06,0.97,0.01,0.15,0.11,0.05,1.09,0.08,0.15,0.04,0.01,0.46,0.14,0.01,0.03,0.01,0,0,0,0,0,0,0.04,0,0,0,0,0.01
2021-09,20.47,37.88,14.25,7.86,6.35,1.83,1.11,6.33,0,0.21,0.2,0.06,1.17,0.01,0.14,0.1,0.04,1.02,0.1,0.15,0.03,0.01,0.44,0.13,0.01,0.03,0.01,0,0,0,0.02,0,0,0.04,0,0,0,0,0.01
2021-10,18.99,36.33,15.65,7.12,6.17,1.78,1.06,6.36,0,0.19,0.19,0.05,1.11,0.01,0.13,0.11,0.02,0.95,0.14,0.15,2.85,0.01,0.41,0.13,0.01,0.03,0.01,0,0.01,0,0,0,0,0.03,0,0,0,0,0.01
2021-11,19.28,38.07,15.48,7.56,5.57,2.22,1.03,6.5,0,0.09,0.18,0.06,0.68,0.01,0.13,0.11,0.02,1.06,0.13,0.15,1.02,0,0.43,0.11,0.01,0.03,0.03,0,0,0,0,0,0,0.03,0,0,0,0,0.01
2021-12,21.08,34.97,16.49,7.71,5.71,2.69,1.06,6.78,0,0.01,0.19,0.07,0.77,0.01,0.15,0.11,0.03,1.03,0.09,0.14,0.23,0.01,0.45,0.09,0.01,0.03,0.03,0,0.01,0,0.02,0,0,0.03,0,0,0,0,0.01
2022-01,20.84,33.04,15.06,9.4,6.72,2.43,1.06,7.13,0,0,0.2,0.06,0.93,0,0.14,0.11,0.02,1.15,0.17,0.38,0.2,0,0.6,0.08,0.01,0.03,0.06,0,0,0,0,0,0,0.04,0,0,0.11,0,0.01
2022-02,20.44,32.68,15.37,9.87,6.63,2.53,1.06,7.32,0,0,0.18,0.09,0.52,0,0.16,0.09,0.01,1.18,0.28,0.45,0.1,0.01,0.65,0.09,0.01,0.03,0.02,0,0.01,0,0,0,0,0.05,0,0,0.14,0,0.01
2022-03,20.27,34.61,14.82,9.39,5.97,3.11,0.91,6.72,0,0,0.17,0.08,0.63,0,0.16,0.09,0.01,1.16,0.45,0.43,0.08,0.01,0.62,0.08,0.01,0.03,0.01,0,0.01,0,0,0,0,0.05,0,0,0.13,0,0.01
2022-04,21.37,29.65,15.01,12.94,6,3.17,0.88,6.74,0,0,0.16,0.08,0.8,0.01,0.16,0.09,0.01,1.08,0.31,0.42,0.07,0.01,0.64,0.09,0.01,0.07,0.01,0,0,0,0,0,0,0.04,0,0,0.14,0,0.01
2022-05,23.36,30.98,14.93,11.06,5.64,2.48,0.86,6.67,0,0,0.17,0.06,0.64,0,0.19,0.08,0.01,1.16,0.14,0.45,0.04,0.01,0.65,0.09,0.01,0.11,0.02,0,0,0,0,0,0,0.04,0,0,0.14,0,0.01
2022-06,23.96,29.71,15.54,10.54,5.86,2.35,0.83,6.87,0,0,0.17,0.06,0.92,0,0.19,0.09,0.02,1.14,0.13,0.46,0.04,0,0.68,0.07,0.01,0.13,0.02,0,0,0,0,0,0,0.04,0,0,0.14,0,0.01
2022-07,29.02,25.97,16.37,8.75,6.27,2.01,0.91,7.4,0,0,0.11,0.04,0.55,0,0.15,0.07,0.01,0.81,0.14,0.39,0.03,0,0.63,0.04,0.01,0.13,0.02,0,0,0,0,0,0,0.03,0,0,0.1,0,0
2022-08,23.4,28.08,17.56,11.41,5.56,2.51,0.86,6.68,0,0,0.15,0.04,0.77,0,0.17,0.09,0.02,1.03,0.09,0.48,0.03,0,0.63,0.07,0.01,0.17,0.02,0,0,0,0,0,0,0.04,0,0,0.13,0,0.01
2022-09,24.31,29.14,17.26,10.39,5.1,2.22,0.76,6.46,0,0,0.15,0.1,0.81,0,0.19,0.09,0.02,1.17,0.08,0.57,0.03,0,0.66,0.07,0.01,0.21,0.03,0,0,0,0,0,0,0.05,0,0,0.13,0,0.01
2022-10,25.85,28.32,16.52,10.66,4.8,2.32,0.72,6.3,0,0,0.14,0.05,0.68,0.01,0.2,0.09,0.03,1.25,0.1,0.59,0.12,0,0.74,0.07,0,0.22,0.03,0,0,0,0,0,0,0.05,0,0,0.12,0,0.02
2022-11,25.82,26.71,18.26,10.13,5.25,1.91,0.7,6.41,0,0,0.14,0.05,0.71,0.01,0.21,0.09,0.02,1.17,0.15,0.52,0.48,0,0.74,0.05,0.01,0.24,0.04,0,0,0,0,0,0,0.05,0,0,0.11,0,0.01
2022-12,28.2,23.48,21.19,8.71,5.91,1.66,0.64,5.67,0,0,0.12,0.02,1.47,0.01,0.16,0.1,0.01,0.94,0.05,0.62,0.03,0,0.57,0.05,0.01,0.21,0.01,0,0,0,0,0,0,0.04,0,0,0.11,0,0
2023-01,23.92,26.35,20.79,9.31,5.48,2.23,0.82,6.35,0,0,0.15,0.04,1.46,0.01,0.18,0.09,0.03,1.01,0.08,0.58,0.04,0,0.58,0.06,0.01,0.27,0.02,0,0,0,0,0,0,0.04,0,0,0.1,0,0.01
2023-02,21.85,26.09,25.06,7.14,5.53,1.63,0.84,8.15,0,0,0.09,0.03,0.7,0.01,0.14,0.06,0.02,0.85,0.04,0.55,0.03,0,0.61,0.05,0,0.26,0.02,0,0,0,0,0,0,0.03,0,0,0.1,0,0.14
2023-03,23.61,24.4,23.5,8.06,5.15,2.06,0.74,7.87,0,0,0.08,0.04,1.12,0,0.15,0.06,0.01,0.95,0.04,0.51,0.02,0,0.69,0.05,0,0.27,0.03,0,0,0,0,0,0,0.03,0,0,0.1,0,0.44
2023-04,34.66,20.89,17.97,8.57,4.4,1.78,0.5,6.02,0,0,0.09,0.04,1.65,0,0.19,0.06,0.02,1.02,0.06,0.43,0.02,0,0.68,0.05,0,0.23,0.08,0,0,0,0,0,0,0.03,0,0,0.09,0,0.45
2023-05,22.8,24.17,21.89,9.76,6.32,2,0.61,5.98,0,0,0.1,0.03,2.69,0.01,0.21,0.08,0.01,1.07,0.39,0.65,0.02,0,0.61,0.05,0.01,0.27,0.15,0,0,0,0,0,0,0.03,0,0,0.06,0,0.01
2023-06,20.48,24.52,26.69,8.78,5.28,1.82,0.69,6.81,0,0,0.08,0.03,1.4,0.01,0.17,0.08,0.01,0.86,0.37,0.87,0.02,0,0.64,0.04,0.02,0.28,0.02,0,0,0,0,0,0,0.03,0,0,0,0,0.01
2023-07,21.6,23.02,28.15,8.11,5.08,1.54,0.71,6.64,0,0,0.08,0.04,1.61,0.01,0.18,0.08,0.01,0.72,0.72,0.78,0.02,0,0.58,0.03,0.02,0.23,0.01,0,0,0,0,0,0,0.02,0,0,0,0,0.01
2023-08,22.81,23.44,26.31,8.72,4.95,1.39,0.67,6.25,0,0,0.07,0.04,1.75,0.01,0.21,0.08,0.02,0.77,0.74,0.8,0.02,0,0.6,0.04,0.02,0.25,0.01,0,0,0,0,0,0,0.03,0,0,0,0,0.01
2023-09,24.98,22.59,26.42,8.54,4.35,1.38,0.58,5.8,0,0,0.07,0.03,1.86,0,0.2,0.07,0.01,0.8,0.61,0.74,0.02,0,0.6,0.03,0.01,0.23,0.01,0,0,0,0,0,0,0.03,0,0,0,0,0.01
2023-10,23.36,22.68,25.21,9.74,4.52,1.38,0.57,5.87,0,0,0.06,0.03,2.49,0,0.21,0.07,0.02,0.98,0.75,1.13,0.02,0,0.59,0.04,0.01,0.22,0.01,0,0,0,0,0,0,0.03,0,0,0,0,0.01
2023-11,21.8,22.81,23.11,11.84,4.78,1.45,0.55,6.14,0,0,0.06,0.02,2.18,0,0.22,0.1,0.01,1.22,1.05,1.57,0.02,0,0.68,0.04,0.01,0.26,0.01,0,0,0,0,0,0,0.04,0,0,0,0,0.01
2023-12,22.37,23.08,21.13,12.91,4.7,1.39,0.55,5.97,0,0,0.07,0.02,2.45,0,0.26,0.09,0.02,1.16,1.21,1.57,0.02,0,0.67,0.04,0.01,0.26,0.01,0,0,0,0,0,0,0.04,0,0,0,0,0.01
2024-01,25.04,22.18,21.02,12.69,4.42,1.29,0.51,5.72,0,0,0.06,0.03,2.29,0,0.26,0.09,0.02,1.15,0.56,1.71,0.02,0,0.61,0.03,0.02,0.22,0.01,0,0,0,0,0,0,0.05,0,0,0,0,0.02
2024-02,24.48,20.88,22.92,12.07,4.62,1.26,0.55,5.72,0,0,0.06,0.03,2.09,0.01,0.29,0.1,0.01,1.06,0.84,2.12,0.01,0,0.54,0.04,0.01,0.22,0.01,0,0,0,0,0,0,0.04,0,0,0,0,0.03
2024-03,24.39,19.99,23.61,12.09,4.24,1.28,0.49,5.68,0,0,0.06,0.03,2.79,0.01,0.27,0.1,0.01,1.12,0.86,2.03,0.01,0,0.57,0.03,0.02,0.23,0.02,0,0,0,0,0,0,0.04,0,0,0,0,0.02
2024-04,22.4,20.59,21.02,13.02,5.78,1.28,0.51,6.37,0,0,0.05,0.03,2.4,0.01,0.24,0.1,0.01,1.36,1.06,2.76,0.01,0,0.64,0.03,0.02,0.22,0.02,0,0,0,0,0,0,0.03,0,0,0,0,0.02
2010-03,0,0,0,0,0,0,0,0,0,0,0,0,0,0,0,0,0,0,0,0,0,0,0,0,0,0,0,0,0,0,0,0,0,0,0,0,0,0,0
